run,rank,bank_idx,family,params,weight,sign
exp_022_mmr,1,297,anisotropic_gaussian,"{""sigma_x"": 14.855992003349131, ""sigma_y"": 38.19230691095843, ""size"": 31, ""theta"": 2.027607991402709}",0.9980520009994507,positive
exp_022_mmr,2,961,gabor,"{""freq"": 0.41492833037330085, ""gamma"": 1.2493616167795036, ""phase"": 4.143616623910294, ""sigma"": 12.302852216806091, ""size"": 31, ""theta"": 0.05398665525531744}",1.0555500984191895,positive
exp_022_mmr,3,915,gabor,"{""freq"": 0.07154828718872, ""gamma"": 0.7366813862761018, ""phase"": 1.3804719902170803, ""sigma"": 14.425454551215648, ""size"": 31, ""theta"": 0.029770392978381098}",0.5508556365966797,positive
exp_023_mmr,1,237,anisotropic_gaussian,"{""sigma_x"": 13.510795832813368, ""sigma_y"": 36.080175578408564, ""size"": 31, ""theta"": 2.5518483612944767}",0.02581026218831539,positive
exp_023_mmr,2,32,gaussian,"{""sigma_x"": 1.8345891014361673, ""sigma_y"": 1.8345891014361673, ""size"": 31, ""theta"": 3.1150555570746974}",0.009436314925551414,positive
exp_023_mmr,3,1181,hog,"{""sigma"": 14.461386277478054, ""size"": 31, ""theta"": 0.02312158489951703}",0.7312413454055786,positive
exp_023_mmr,4,340,anisotropic_gaussian,"{""sigma_x"": 15.10390847107648, ""sigma_y"": 42.629427191069965, ""size"": 31, ""theta"": 0.08130578492847697}",0.8676841259002686,positive
exp_023_mmr,5,289,anisotropic_gaussian,"{""sigma_x"": 14.654894612745725, ""sigma_y"": 29.24827689919175, ""size"": 31, ""theta"": 2.112392599143433}",0.2675490379333496,positive
exp_024_mmr,1,281,anisotropic_gaussian,"{""sigma_x"": 14.267858684422302, ""sigma_y"": 25.565062554338986, ""size"": 31, ""theta"": 2.6068215884921226}",0.05538829416036606,positive
exp_024_mmr,2,352,anisotropic_gaussian,"{""sigma_x"": 1.4210404580383262, ""sigma_y"": 2.0329326239367407, ""size"": 31, ""theta"": 2.609668488174508}",-0.22023534774780273,negative
exp_024_mmr,3,1185,hog,"{""sigma"": 15.421433105357078, ""size"": 31, ""theta"": 3.031766318320071}",0.11497525125741959,positive
exp_024_mmr,4,327,anisotropic_gaussian,"{""sigma_x"": 15.047059037771112, ""sigma_y"": 38.140776448908404, ""size"": 31, ""theta"": 0.3530680194559887}",0.05227476358413696,positive
exp_024_mmr,5,210,anisotropic_gaussian,"{""sigma_x"": 12.839676611037861, ""sigma_y"": 26.525353689875043, ""size"": 31, ""theta"": 2.431426164902177}",0.03976044803857803,positive
exp_024_mmr,6,387,anisotropic_gaussian,"{""sigma_x"": 3.091740610315366, ""sigma_y"": 8.82727436923267, ""size"": 31, ""theta"": 3.0856061681957203}",-0.025911202654242516,negative
exp_024_mmr,7,312,anisotropic_gaussian,"{""sigma_x"": 15.352582283346196, ""sigma_y"": 25.417710381464868, ""size"": 31, ""theta"": 1.3318053720875185}",0.08327178657054901,positive
exp_024_mmr,8,310,anisotropic_gaussian,"{""sigma_x"": 12.524734536052815, ""sigma_y"": 32.17256584752876, ""size"": 31, ""theta"": 0.12963551938428836}",0.06324512511491776,positive
exp_024_mmr,9,350,anisotropic_gaussian,"{""sigma_x"": 12.650449315307712, ""sigma_y"": 34.34583518712411, ""size"": 31, ""theta"": 0.2611120427959437}",0.06329645216464996,positive
exp_024_mmr,10,216,anisotropic_gaussian,"{""sigma_x"": 14.436633801726048, ""sigma_y"": 33.36043612379877, ""size"": 31, ""theta"": 0.9884769253887804}",0.08706950396299362,positive
exp_024_mmr,11,272,anisotropic_gaussian,"{""sigma_x"": 10.069156391266606, ""sigma_y"": 21.860233962815844, ""size"": 31, ""theta"": 2.5536169017082866}",0.10756192356348038,positive
exp_024_mmr,12,188,gaussian,"{""sigma_x"": 15.277654082379103, ""sigma_y"": 15.277654082379103, ""size"": 31, ""theta"": 2.0489873413606614}",0.10099907964468002,positive
exp_024_mmr,13,340,anisotropic_gaussian,"{""sigma_x"": 13.599985125281814, ""sigma_y"": 26.277823610483814, ""size"": 31, ""theta"": 1.004341810030745}",0.13716121017932892,positive
exp_024_mmr,14,118,gaussian,"{""sigma_x"": 15.022823139198227, ""sigma_y"": 15.022823139198227, ""size"": 31, ""theta"": 1.5728262866743328}",0.06644721329212189,positive
exp_024_mmr,15,93,gaussian,"{""sigma_x"": 14.993376810539162, ""sigma_y"": 14.993376810539162, ""size"": 31, ""theta"": 2.525529733756396}",0.01952536590397358,positive
exp_024_mmr,16,214,anisotropic_gaussian,"{""sigma_x"": 14.952055016707558, ""sigma_y"": 14.74298798266452, ""size"": 31, ""theta"": 0.7558437028204865}",0.04775427654385567,positive
exp_024_mmr,17,32,gaussian,"{""sigma_x"": 14.781459226866813, ""sigma_y"": 14.781459226866813, ""size"": 31, ""theta"": 2.538131120899756}",0.10586201399564743,positive
exp_024_mmr,18,59,gaussian,"{""sigma_x"": 14.70251925252923, ""sigma_y"": 14.70251925252923, ""size"": 31, ""theta"": 1.0423910492419715}",0.12910491228103638,positive
exp_024_mmr,19,168,gaussian,"{""sigma_x"": 14.651202272430563, ""sigma_y"": 14.651202272430563, ""size"": 31, ""theta"": 1.7364349771441447}",0.08558451384305954,positive
exp_024_mmr,20,273,anisotropic_gaussian,"{""sigma_x"": 10.51876821721626, ""sigma_y"": 19.941722600929044, ""size"": 31, ""theta"": 3.1038573660351}",0.13692057132720947,positive
exp_024_mmr,21,97,gaussian,"{""sigma_x"": 14.267658958902073, ""sigma_y"": 14.267658958902073, ""size"": 31, ""theta"": 0.27216739451971117}",0.11832686513662338,positive
exp_024_mmr,22,57,gaussian,"{""sigma_x"": 14.166191820347537, ""sigma_y"": 14.166191820347537, ""size"": 31, ""theta"": 1.6168021951263227}",0.1220814511179924,positive
exp_024_mmr,23,260,anisotropic_gaussian,"{""sigma_x"": 14.177612161748666, ""sigma_y"": 13.260505208338724, ""size"": 31, ""theta"": 1.9642294469285357}",0.04874247685074806,positive
exp_024_mmr,24,363,anisotropic_gaussian,"{""sigma_x"": 11.615119100610949, ""sigma_y"": 33.38247968333674, ""size"": 31, ""theta"": 0.8941838375207886}",0.10468761622905731,positive
exp_024_mmr,25,215,anisotropic_gaussian,"{""sigma_x"": 8.919844238537731, ""sigma_y"": 22.528629022852414, ""size"": 31, ""theta"": 2.2890279966559475}",0.05805276706814766,positive
exp_024_mmr,26,62,gaussian,"{""sigma_x"": 13.642427494716866, ""sigma_y"": 13.642427494716866, ""size"": 31, ""theta"": 0.5846835173940997}",0.12560401856899261,positive
exp_024_mmr,27,375,anisotropic_gaussian,"{""sigma_x"": 8.692782035452382, ""sigma_y"": 18.703561055036772, ""size"": 31, ""theta"": 2.5327976651241166}",0.054074350744485855,positive
exp_024_mmr,28,349,anisotropic_gaussian,"{""sigma_x"": 8.858153428721222, ""sigma_y"": 22.911289945961094, ""size"": 31, ""theta"": 2.2460878205103745}",0.1187150701880455,positive
exp_024_mmr,29,129,gaussian,"{""sigma_x"": 13.170852693387623, ""sigma_y"": 13.170852693387623, ""size"": 31, ""theta"": 0.30587643148363886}",0.04205522686243057,positive
exp_024_mmr,30,2,gaussian,"{""sigma_x"": 12.937806615606954, ""sigma_y"": 12.937806615606954, ""size"": 31, ""theta"": 0.7415708428281985}",0.13470269739627838,positive
exp_024_mmr,31,385,anisotropic_gaussian,"{""sigma_x"": 11.021673178324946, ""sigma_y"": 17.096524312192646, ""size"": 31, ""theta"": 1.8268047657683641}",0.10588935017585754,positive
exp_024_mmr,32,393,anisotropic_gaussian,"{""sigma_x"": 9.373049332846799, ""sigma_y"": 16.910316918331173, ""size"": 31, ""theta"": 2.293409859869426}",0.07028103619813919,positive
exp_024_mmr,33,127,gaussian,"{""sigma_x"": 12.758338015824783, ""sigma_y"": 12.758338015824783, ""size"": 31, ""theta"": 2.335786074149895}",0.13438047468662262,positive
exp_024_mmr,34,248,anisotropic_gaussian,"{""sigma_x"": 7.660908821219375, ""sigma_y"": 20.557357919114057, ""size"": 31, ""theta"": 2.3463912283866963}",0.12545055150985718,positive
exp_024_mmr,35,130,gaussian,"{""sigma_x"": 12.425007748342066, ""sigma_y"": 12.425007748342066, ""size"": 31, ""theta"": 0.7223319146788749}",0.14028668403625488,positive
exp_024_mmr,36,213,anisotropic_gaussian,"{""sigma_x"": 10.677224154544536, ""sigma_y"": 21.05331791020807, ""size"": 31, ""theta"": 0.8500752995321427}",0.14820648729801178,positive
exp_024_mmr,37,302,anisotropic_gaussian,"{""sigma_x"": 9.14941408166666, ""sigma_y"": 24.877056068594527, ""size"": 31, ""theta"": 1.9386668443337753}",0.07301309704780579,positive
exp_024_mmr,38,258,anisotropic_gaussian,"{""sigma_x"": 11.736065070973963, ""sigma_y"": 12.79194717177711, ""size"": 31, ""theta"": 0.09893055709849109}",0.07258371263742447,positive
exp_024_mmr,39,128,gaussian,"{""sigma_x"": 12.357990877321793, ""sigma_y"": 12.357990877321793, ""size"": 31, ""theta"": 1.9594843604590289}",0.1287674456834793,positive
exp_024_mmr,40,343,anisotropic_gaussian,"{""sigma_x"": 9.769528346543028, ""sigma_y"": 20.387003646910607, ""size"": 31, ""theta"": 1.8379683864310135}",0.03902548551559448,positive
exp_024_mmr,41,120,gaussian,"{""sigma_x"": 12.073514066748622, ""sigma_y"": 12.073514066748622, ""size"": 31, ""theta"": 2.24066597622536}",0.08444052934646606,positive
exp_024_mmr,42,369,anisotropic_gaussian,"{""sigma_x"": 9.095450783911524, ""sigma_y"": 13.998359926277837, ""size"": 31, ""theta"": 2.570372185152854}",0.11914830654859543,positive
exp_024_mmr,43,303,anisotropic_gaussian,"{""sigma_x"": 9.54038423416228, ""sigma_y"": 14.51186879725306, ""size"": 31, ""theta"": 0.189897233124928}",0.038194287568330765,positive
exp_024_mmr,44,265,anisotropic_gaussian,"{""sigma_x"": 7.860151439968406, ""sigma_y"": 21.046276261169155, ""size"": 31, ""theta"": 2.1946189268603677}",0.08909335732460022,positive
exp_024_mmr,45,194,gaussian,"{""sigma_x"": 11.8306632129846, ""sigma_y"": 11.8306632129846, ""size"": 31, ""theta"": 1.936498210416456}",0.07636139541864395,positive
exp_024_mmr,46,394,anisotropic_gaussian,"{""sigma_x"": 10.733987137121591, ""sigma_y"": 13.2616544060363, ""size"": 31, ""theta"": 0.992891058502037}",0.08039349317550659,positive
exp_024_mmr,47,276,anisotropic_gaussian,"{""sigma_x"": 11.090129814713446, ""sigma_y"": 11.576074868085492, ""size"": 31, ""theta"": 2.9086384551024285}",0.07439347356557846,positive
exp_024_mmr,48,267,anisotropic_gaussian,"{""sigma_x"": 6.5161096181857046, ""sigma_y"": 15.95561280228405, ""size"": 31, ""theta"": 3.018906290621228}",0.010593927465379238,positive
exp_024_mmr,49,268,anisotropic_gaussian,"{""sigma_x"": 7.689861445682844, ""sigma_y"": 16.236944178984245, ""size"": 31, ""theta"": 0.13168373158288732}",0.054962240159511566,positive
exp_024_mmr,50,270,anisotropic_gaussian,"{""sigma_x"": 11.470292224100413, ""sigma_y"": 10.101452246159448, ""size"": 31, ""theta"": 0.5773844820229264}",0.0007277242839336395,positive
exp_024_mmr,51,238,anisotropic_gaussian,"{""sigma_x"": 6.962637722197776, ""sigma_y"": 16.23305717175192, ""size"": 31, ""theta"": 0.0339497297894193}",0.011798109859228134,positive
exp_024_mmr,52,23,gaussian,"{""sigma_x"": 10.721608028783404, ""sigma_y"": 10.721608028783404, ""size"": 31, ""theta"": 2.774408946158151}",0.05190816521644592,positive
exp_024_mmr,53,108,gaussian,"{""sigma_x"": 10.220126492230921, ""sigma_y"": 10.220126492230921, ""size"": 31, ""theta"": 2.874466579872227}",0.023920267820358276,positive
exp_024_mmr,54,379,anisotropic_gaussian,"{""sigma_x"": 8.232255920063892, ""sigma_y"": 15.518761964937712, ""size"": 31, ""theta"": 0.8041509803826311}",0.1163085475564003,positive
exp_024_mmr,55,1,gaussian,"{""sigma_x"": 10.142964237194015, ""sigma_y"": 10.142964237194015, ""size"": 31, ""theta"": 1.3376068384053328}",-0.002401054371148348,negative
exp_024_mmr,56,358,anisotropic_gaussian,"{""sigma_x"": 8.402830863777684, ""sigma_y"": 18.885746329744645, ""size"": 31, ""theta"": 1.1514375377118184}",-0.0021504578180611134,negative
exp_024_mmr,57,226,anisotropic_gaussian,"{""sigma_x"": 7.840174300744091, ""sigma_y"": 10.984529939664252, ""size"": 31, ""theta"": 2.6726878776306964}",0.078945592045784,positive
exp_024_mmr,58,60,gaussian,"{""sigma_x"": 9.82813868457445, ""sigma_y"": 9.82813868457445, ""size"": 31, ""theta"": 0.6607565528409192}",0.0644945278763771,positive
exp_024_mmr,59,8,gaussian,"{""sigma_x"": 9.68579777406219, ""sigma_y"": 9.68579777406219, ""size"": 31, ""theta"": 2.9893224758420285}",-0.00021744459809269756,negative
exp_024_mmr,60,180,gaussian,"{""sigma_x"": 9.537389324587442, ""sigma_y"": 9.537389324587442, ""size"": 31, ""theta"": 0.5659751144319138}",0.11134741455316544,positive
exp_024_mmr,61,339,anisotropic_gaussian,"{""sigma_x"": 6.812851818187351, ""sigma_y"": 11.205682472316793, ""size"": 31, ""theta"": 2.533384500078703}",0.09076834470033646,positive
exp_024_mmr,62,316,anisotropic_gaussian,"{""sigma_x"": 10.137026332696344, ""sigma_y"": 7.644940830618577, ""size"": 31, ""theta"": 1.2009181748210476}",0.10723273456096649,positive
exp_024_mmr,63,48,gaussian,"{""sigma_x"": 9.265560891902744, ""sigma_y"": 9.265560891902744, ""size"": 31, ""theta"": 1.0626106528397075}",0.039896924048662186,positive
exp_024_mmr,64,336,anisotropic_gaussian,"{""sigma_x"": 9.0026489879395, ""sigma_y"": 9.759501101019826, ""size"": 31, ""theta"": 0.8982633345927358}",-0.01504854392260313,negative
exp_024_mmr,65,286,anisotropic_gaussian,"{""sigma_x"": 8.711528726176201, ""sigma_y"": 10.22400339105856, ""size"": 31, ""theta"": 1.2356506111679593}",0.01988472230732441,positive
exp_024_mmr,66,105,gaussian,"{""sigma_x"": 9.06748026065075, ""sigma_y"": 9.06748026065075, ""size"": 31, ""theta"": 1.7762306076705765}",-0.017782222479581833,negative
exp_024_mmr,67,153,gaussian,"{""sigma_x"": 9.0055448034051, ""sigma_y"": 9.0055448034051, ""size"": 31, ""theta"": 0.37604360705058526}",0.10951469093561172,positive
exp_024_mmr,68,396,anisotropic_gaussian,"{""sigma_x"": 12.431794083165025, ""sigma_y"": 6.707974475690274, ""size"": 31, ""theta"": 2.1438377582978037}",0.08349683880805969,positive
exp_024_mmr,69,24,gaussian,"{""sigma_x"": 8.8761817071889, ""sigma_y"": 8.8761817071889, ""size"": 31, ""theta"": 2.1022239243680048}",0.001158429542556405,positive
exp_024_mmr,70,308,anisotropic_gaussian,"{""sigma_x"": 8.361473419540005, ""sigma_y"": 9.086343123490852, ""size"": 31, ""theta"": 3.097261719639128}",0.05961087346076965,positive
exp_024_mmr,71,132,gaussian,"{""sigma_x"": 8.78903720874183, ""sigma_y"": 8.78903720874183, ""size"": 31, ""theta"": 0.41483695368507656}",0.1042228490114212,positive
exp_024_mmr,72,77,gaussian,"{""sigma_x"": 8.762082259492907, ""sigma_y"": 8.762082259492907, ""size"": 31, ""theta"": 0.873143241809862}",0.0683077871799469,positive
exp_024_mmr,73,378,anisotropic_gaussian,"{""sigma_x"": 6.673077826008878, ""sigma_y"": 11.583207536308283, ""size"": 31, ""theta"": 0.4823901367651028}",0.03792930394411087,positive
exp_024_mmr,74,177,gaussian,"{""sigma_x"": 8.698679326771556, ""sigma_y"": 8.698679326771556, ""size"": 31, ""theta"": 0.15178174285957338}",-0.001936980290338397,negative
exp_024_mmr,75,73,gaussian,"{""sigma_x"": 8.678349304167607, ""sigma_y"": 8.678349304167607, ""size"": 31, ""theta"": 0.5389841269928037}",0.04465600475668907,positive
exp_024_mmr,76,294,anisotropic_gaussian,"{""sigma_x"": 5.478393722654419, ""sigma_y"": 14.67921646871026, ""size"": 31, ""theta"": 2.172173888284742}",0.06224602088332176,positive
exp_024_mmr,77,271,anisotropic_gaussian,"{""sigma_x"": 5.372040489721759, ""sigma_y"": 12.219792601200023, ""size"": 31, ""theta"": 2.3403583664331093}",-0.015390444546937943,negative
exp_024_mmr,78,159,gaussian,"{""sigma_x"": 8.505637754323214, ""sigma_y"": 8.505637754323214, ""size"": 31, ""theta"": 2.9572370084075503}",0.08294106274843216,positive
exp_024_mmr,79,325,anisotropic_gaussian,"{""sigma_x"": 7.39157574563543, ""sigma_y"": 12.138210864153844, ""size"": 31, ""theta"": 1.1671624934482705}",0.05612901598215103,positive
exp_024_mmr,80,266,anisotropic_gaussian,"{""sigma_x"": 6.271875524217797, ""sigma_y"": 13.743510731789085, ""size"": 31, ""theta"": 0.8071008192674782}",0.10747484117746353,positive
exp_024_mmr,81,335,anisotropic_gaussian,"{""sigma_x"": 7.118879582421238, ""sigma_y"": 8.837455490360492, ""size"": 31, ""theta"": 0.1748192864870167}",0.022421976551413536,positive
exp_024_mmr,82,372,anisotropic_gaussian,"{""sigma_x"": 3.6361399359953808, ""sigma_y"": 10.378270575716524, ""size"": 31, ""theta"": 0.08996613503354361}",-0.03367353975772858,negative
exp_024_mmr,83,84,gaussian,"{""sigma_x"": 8.285314570695427, ""sigma_y"": 8.285314570695427, ""size"": 31, ""theta"": 1.427965439358174}",0.06387093663215637,positive
exp_024_mmr,84,279,anisotropic_gaussian,"{""sigma_x"": 8.578371704628067, ""sigma_y"": 7.589443832289126, ""size"": 31, ""theta"": 1.542251717592391}",0.04963691905140877,positive
exp_024_mmr,85,364,anisotropic_gaussian,"{""sigma_x"": 8.14916633811902, ""sigma_y"": 8.364216743574321, ""size"": 31, ""theta"": 1.2764609698057794}",0.03335823118686676,positive
exp_024_mmr,86,383,anisotropic_gaussian,"{""sigma_x"": 3.895068735698048, ""sigma_y"": 9.61875206321734, ""size"": 31, ""theta"": 2.6027574028076192}",-0.05195460096001625,negative
exp_024_mmr,87,341,anisotropic_gaussian,"{""sigma_x"": 6.8368674730221635, ""sigma_y"": 13.332809646242147, ""size"": 31, ""theta"": 1.1462314474866828}",0.07514055073261261,positive
exp_024_mmr,88,107,gaussian,"{""sigma_x"": 7.9615191939312915, ""sigma_y"": 7.9615191939312915, ""size"": 31, ""theta"": 1.8660116609183734}",0.07800652086734772,positive
exp_024_mmr,89,324,anisotropic_gaussian,"{""sigma_x"": 7.8152000276551545, ""sigma_y"": 8.014620712813556, ""size"": 31, ""theta"": 0.2368376303095702}",0.05906539782881737,positive
exp_024_mmr,90,262,anisotropic_gaussian,"{""sigma_x"": 6.124135589307452, ""sigma_y"": 13.356626323219956, ""size"": 31, ""theta"": 1.7763919293858659}",0.04093662649393082,positive
exp_024_mmr,91,176,gaussian,"{""sigma_x"": 7.636322712624527, ""sigma_y"": 7.636322712624527, ""size"": 31, ""theta"": 0.45991744969688847}",0.056000299751758575,positive
exp_024_mmr,92,64,gaussian,"{""sigma_x"": 7.629357194181619, ""sigma_y"": 7.629357194181619, ""size"": 31, ""theta"": 1.5916012560571158}",0.0025002602487802505,positive
exp_024_mmr,93,337,anisotropic_gaussian,"{""sigma_x"": 5.360481738438016, ""sigma_y"": 9.647978159625032, ""size"": 31, ""theta"": 0.5600883153394524}",0.08524587750434875,positive
exp_024_mmr,94,231,anisotropic_gaussian,"{""sigma_x"": 3.1374333738012057, ""sigma_y"": 8.193955050163853, ""size"": 31, ""theta"": 2.998512929098974}",-0.04378226026892662,negative
exp_024_mmr,95,95,gaussian,"{""sigma_x"": 7.351423263714894, ""sigma_y"": 7.351423263714894, ""size"": 31, ""theta"": 3.0122304131083735}",0.043602485209703445,positive
exp_024_mmr,96,313,anisotropic_gaussian,"{""sigma_x"": 4.04154488998696, ""sigma_y"": 11.086013270245841, ""size"": 31, ""theta"": 0.6154409160216934}",0.06374173611402512,positive
exp_024_mmr,97,28,gaussian,"{""sigma_x"": 7.20642462723309, ""sigma_y"": 7.20642462723309, ""size"": 31, ""theta"": 1.2546578315633974}",0.03442861884832382,positive
exp_024_mmr,98,326,anisotropic_gaussian,"{""sigma_x"": 9.980909994895454, ""sigma_y"": 6.44670030566633, ""size"": 31, ""theta"": 3.0668873192458364}",0.08811287581920624,positive
exp_024_mmr,99,278,anisotropic_gaussian,"{""sigma_x"": 5.376663323325792, ""sigma_y"": 13.47551375121268, ""size"": 31, ""theta"": 1.8785861508095243}",0.08266016095876694,positive
exp_024_mmr,100,373,anisotropic_gaussian,"{""sigma_x"": 6.8361263548930316, ""sigma_y"": 4.797317695856485, ""size"": 31, ""theta"": 1.3084271981582245}",-0.047577377408742905,negative
exp_024_mmr,101,1015,hog,"{""sigma"": 12.967293957768197, ""size"": 31, ""theta"": 2.5038556546936928}",-0.0028008590452373028,negative
exp_024_mmr,102,239,anisotropic_gaussian,"{""sigma_x"": 5.092714375581532, ""sigma_y"": 8.761668170005862, ""size"": 31, ""theta"": 2.2112181948091885}",0.035417646169662476,positive
exp_024_mmr,103,91,gaussian,"{""sigma_x"": 6.857910660273938, ""sigma_y"": 6.857910660273938, ""size"": 31, ""theta"": 0.6530153066083172}",0.017260825261473656,positive
exp_024_mmr,104,150,gaussian,"{""sigma_x"": 6.791966335312807, ""sigma_y"": 6.791966335312807, ""size"": 31, ""theta"": 1.0821583337617557}",-0.03089223802089691,negative
exp_024_mmr,105,328,anisotropic_gaussian,"{""sigma_x"": 6.800608465971444, ""sigma_y"": 6.72480171455644, ""size"": 31, ""theta"": 1.047599167339789}",-0.019109036773443222,negative
exp_024_mmr,106,183,gaussian,"{""sigma_x"": 6.707483562724334, ""sigma_y"": 6.707483562724334, ""size"": 31, ""theta"": 2.0274356653098335}",-0.036354538053274155,negative
exp_024_mmr,107,1123,hog,"{""sigma"": 14.541273001896588, ""size"": 31, ""theta"": 0.0757393197359388}",0.120292529463768,positive
exp_024_mmr,108,20,gaussian,"{""sigma_x"": 6.679596228407415, ""sigma_y"": 6.679596228407415, ""size"": 31, ""theta"": 2.4844516195657396}",0.04655813053250313,positive
exp_024_mmr,109,366,anisotropic_gaussian,"{""sigma_x"": 3.466728197698381, ""sigma_y"": 7.816374616836019, ""size"": 31, ""theta"": 2.5641710219615996}",-0.031716469675302505,negative
exp_024_mmr,110,283,anisotropic_gaussian,"{""sigma_x"": 2.836990271979917, ""sigma_y"": 7.729094225356205, ""size"": 31, ""theta"": 0.35906408623196545}",-0.028905492275953293,negative
exp_024_mmr,111,297,anisotropic_gaussian,"{""sigma_x"": 6.553012531974697, ""sigma_y"": 7.094463722603614, ""size"": 31, ""theta"": 1.5984428406910922}",0.034768518060445786,positive
exp_024_mmr,112,50,gaussian,"{""sigma_x"": 6.646012360120688, ""sigma_y"": 6.646012360120688, ""size"": 31, ""theta"": 2.5062067040087013}",-0.0006172511493787169,negative
exp_024_mmr,113,92,gaussian,"{""sigma_x"": 6.575345618840435, ""sigma_y"": 6.575345618840435, ""size"": 31, ""theta"": 1.2011896198577912}",-0.02095564268529415,negative
exp_024_mmr,114,1036,hog,"{""sigma"": 14.881544045372276, ""size"": 31, ""theta"": 3.030270468368889}",0.07143275439739227,positive
exp_024_mmr,115,172,gaussian,"{""sigma_x"": 6.571536359482082, ""sigma_y"": 6.571536359482082, ""size"": 31, ""theta"": 2.7526408198953027}",0.0408041812479496,positive
exp_024_mmr,116,1139,hog,"{""sigma"": 14.022711550685582, ""size"": 31, ""theta"": 0.08892177813909578}",0.08728336542844772,positive
exp_024_mmr,117,1014,hog,"{""sigma"": 14.613176011990229, ""size"": 31, ""theta"": 0.11707297504502562}",0.11889450997114182,positive
exp_024_mmr,118,15,gaussian,"{""sigma_x"": 6.4616192149733465, ""sigma_y"": 6.4616192149733465, ""size"": 31, ""theta"": 0.352087007472166}",0.03504364192485809,positive
exp_024_mmr,119,1092,hog,"{""sigma"": 14.279500684954495, ""size"": 31, ""theta"": 0.11495570161516455}",0.012420151382684708,positive
exp_024_mmr,120,162,gaussian,"{""sigma_x"": 6.404792635293025, ""sigma_y"": 6.404792635293025, ""size"": 31, ""theta"": 0.9463579032242542}",-0.003978024236857891,negative
exp_024_mmr,121,220,anisotropic_gaussian,"{""sigma_x"": 5.922283883438601, ""sigma_y"": 8.15824452839668, ""size"": 31, ""theta"": 1.6627454961149102}",0.054870348423719406,positive
exp_024_mmr,122,381,anisotropic_gaussian,"{""sigma_x"": 1.7165192192439342, ""sigma_y"": 5.130867262532563, ""size"": 31, ""theta"": 3.1109616946257344}",-0.15001215040683746,negative
exp_024_mmr,123,139,gaussian,"{""sigma_x"": 6.2297548987528435, ""sigma_y"": 6.2297548987528435, ""size"": 31, ""theta"": 0.0065219527246243}",-0.012092615477740765,negative
exp_024_mmr,124,182,gaussian,"{""sigma_x"": 6.161532020513, ""sigma_y"": 6.161532020513, ""size"": 31, ""theta"": 3.0253443968422706}",0.03149837628006935,positive
exp_024_mmr,125,330,anisotropic_gaussian,"{""sigma_x"": 2.8500869487125833, ""sigma_y"": 6.439064593638308, ""size"": 31, ""theta"": 0.08482413911394253}",-0.1347438544034958,negative
exp_024_mmr,126,193,gaussian,"{""sigma_x"": 6.1463519079885724, ""sigma_y"": 6.1463519079885724, ""size"": 31, ""theta"": 0.6894493645482205}",0.03125728294253349,positive
exp_024_mmr,127,161,gaussian,"{""sigma_x"": 6.059083480882915, ""sigma_y"": 6.059083480882915, ""size"": 31, ""theta"": 0.8798026446876477}",0.04787871614098549,positive
exp_024_mmr,128,102,gaussian,"{""sigma_x"": 6.042091160059938, ""sigma_y"": 6.042091160059938, ""size"": 31, ""theta"": 3.0240309597341892}",0.033467356115579605,positive
exp_024_mmr,129,1181,hog,"{""sigma"": 14.581756986683502, ""size"": 31, ""theta"": 0.21635095642364047}",0.044321611523628235,positive
exp_024_mmr,130,386,anisotropic_gaussian,"{""sigma_x"": 5.026983222402314, ""sigma_y"": 6.087467196322782, ""size"": 31, ""theta"": 0.21599439824618835}",-0.008931683376431465,negative
exp_024_mmr,131,6,gaussian,"{""sigma_x"": 5.890922338690061, ""sigma_y"": 5.890922338690061, ""size"": 31, ""theta"": 1.5770407141768668}",0.034616868942976,positive
exp_024_mmr,132,184,gaussian,"{""sigma_x"": 5.860758230955333, ""sigma_y"": 5.860758230955333, ""size"": 31, ""theta"": 0.4887762395089985}",-0.021231500431895256,negative
exp_024_mmr,133,1137,hog,"{""sigma"": 11.425504379951938, ""size"": 31, ""theta"": 0.1220253292276138}",0.04136472940444946,positive
exp_024_mmr,134,26,gaussian,"{""sigma_x"": 5.821326969167775, ""sigma_y"": 5.821326969167775, ""size"": 31, ""theta"": 1.152067458588164}",0.010397828184068203,positive
exp_024_mmr,135,158,gaussian,"{""sigma_x"": 5.790451851666569, ""sigma_y"": 5.790451851666569, ""size"": 31, ""theta"": 0.46100810678424403}",-0.04058140143752098,negative
exp_024_mmr,136,299,anisotropic_gaussian,"{""sigma_x"": 3.457390322785234, ""sigma_y"": 8.813237481520828, ""size"": 31, ""theta"": 2.215025222913849}",0.030949437990784645,positive
exp_024_mmr,137,39,gaussian,"{""sigma_x"": 5.728506736321971, ""sigma_y"": 5.728506736321971, ""size"": 31, ""theta"": 0.9588896270464454}",-0.10386939346790314,negative
exp_024_mmr,138,368,anisotropic_gaussian,"{""sigma_x"": 1.5892018648557587, ""sigma_y"": 4.733610064516004, ""size"": 31, ""theta"": 2.0172156749585866}",-0.16164657473564148,negative
exp_024_mmr,139,31,gaussian,"{""sigma_x"": 5.677121973700966, ""sigma_y"": 5.677121973700966, ""size"": 31, ""theta"": 1.8349207477487472}",0.013680900447070599,positive
exp_024_mmr,140,76,gaussian,"{""sigma_x"": 5.651963992835089, ""sigma_y"": 5.651963992835089, ""size"": 31, ""theta"": 1.3405779550851102}",-0.013966631144285202,negative
exp_024_mmr,141,1133,hog,"{""sigma"": 11.676529723231498, ""size"": 31, ""theta"": 0.16384173508940436}",0.12150067836046219,positive
exp_024_mmr,142,257,anisotropic_gaussian,"{""sigma_x"": 3.7267343730394056, ""sigma_y"": 8.105607507239288, ""size"": 31, ""theta"": 0.8702348773893513}",-0.02876548282802105,negative
exp_024_mmr,143,99,gaussian,"{""sigma_x"": 5.625086040869862, ""sigma_y"": 5.625086040869862, ""size"": 31, ""theta"": 2.4324660293462026}",0.030026331543922424,positive
exp_024_mmr,144,1044,hog,"{""sigma"": 9.826994887492361, ""size"": 31, ""theta"": 3.0574778653816166}",-0.012527643702924252,negative
exp_024_mmr,145,229,anisotropic_gaussian,"{""sigma_x"": 3.7651828094870194, ""sigma_y"": 5.649970721684696, ""size"": 31, ""theta"": 0.3190152024360058}",-0.09342505037784576,negative
exp_024_mmr,146,280,anisotropic_gaussian,"{""sigma_x"": 4.135248930133773, ""sigma_y"": 8.273561201399874, ""size"": 31, ""theta"": 2.094175160387787}",-0.032804206013679504,negative
exp_024_mmr,147,78,gaussian,"{""sigma_x"": 5.500701745081705, ""sigma_y"": 5.500701745081705, ""size"": 31, ""theta"": 2.7463799709573053}",-0.011306927539408207,negative
exp_024_mmr,148,1011,hog,"{""sigma"": 13.566956187347014, ""size"": 31, ""theta"": 2.817936610196322}",0.005329754203557968,positive
exp_024_mmr,149,301,anisotropic_gaussian,"{""sigma_x"": 5.325980256195713, ""sigma_y"": 5.2980398511728355, ""size"": 31, ""theta"": 3.070224722050474}",-0.10649508982896805,negative
exp_024_mmr,150,1054,hog,"{""sigma"": 10.109066193749726, ""size"": 31, ""theta"": 0.14100193002509948}",0.0214983057230711,positive
exp_024_mmr,151,304,anisotropic_gaussian,"{""sigma_x"": 3.607287123656389, ""sigma_y"": 5.478424479863945, ""size"": 31, ""theta"": 2.8677382387472314}",-0.041251134127378464,negative
exp_024_mmr,152,82,gaussian,"{""sigma_x"": 5.165253034135352, ""sigma_y"": 5.165253034135352, ""size"": 31, ""theta"": 1.3447645253066318}",0.000382730650017038,positive
exp_024_mmr,153,112,gaussian,"{""sigma_x"": 5.131302618719411, ""sigma_y"": 5.131302618719411, ""size"": 31, ""theta"": 0.49211560473487526}",-0.014857815578579903,negative
exp_024_mmr,154,16,gaussian,"{""sigma_x"": 5.098809730923605, ""sigma_y"": 5.098809730923605, ""size"": 31, ""theta"": 2.3638284039339448}",0.006308962125331163,positive
exp_024_mmr,155,68,gaussian,"{""sigma_x"": 5.035924422763782, ""sigma_y"": 5.035924422763782, ""size"": 31, ""theta"": 0.09627531662140955}",-0.01863342709839344,negative
exp_024_mmr,156,309,anisotropic_gaussian,"{""sigma_x"": 3.788870402680001, ""sigma_y"": 8.381522086007752, ""size"": 31, ""theta"": 1.1839380493697105}",-0.026256542652845383,negative
exp_024_mmr,157,202,anisotropic_gaussian,"{""sigma_x"": 2.5579980368819415, ""sigma_y"": 6.328979062216996, ""size"": 31, ""theta"": 2.3680371012630035}",-0.15547199547290802,negative
exp_024_mmr,158,380,anisotropic_gaussian,"{""sigma_x"": 3.288796914130592, ""sigma_y"": 6.859289673631186, ""size"": 31, ""theta"": 0.8177253553014524}",-0.03289506956934929,negative
exp_024_mmr,159,317,anisotropic_gaussian,"{""sigma_x"": 5.457939059418718, ""sigma_y"": 3.324981136878266, ""size"": 31, ""theta"": 1.2956785098594736}",-0.01962047629058361,negative
exp_024_mmr,160,250,anisotropic_gaussian,"{""sigma_x"": 2.7040892585035428, ""sigma_y"": 6.032393532741536, ""size"": 31, ""theta"": 0.5679336531781037}",-0.10409405082464218,negative
exp_024_mmr,161,109,gaussian,"{""sigma_x"": 4.856573111967095, ""sigma_y"": 4.856573111967095, ""size"": 31, ""theta"": 1.0756528980933526}",-0.04200989007949829,negative
exp_024_mmr,162,1099,hog,"{""sigma"": 10.494095845932197, ""size"": 31, ""theta"": 0.23103217406289261}",0.07244763523340225,positive
exp_024_mmr,163,100,gaussian,"{""sigma_x"": 4.827948550547205, ""sigma_y"": 4.827948550547205, ""size"": 31, ""theta"": 1.843328020793981}",-0.054738279432058334,negative
exp_024_mmr,164,49,gaussian,"{""sigma_x"": 4.826976676717326, ""sigma_y"": 4.826976676717326, ""size"": 31, ""theta"": 2.126927711816586}",-0.133291095495224,negative
exp_024_mmr,165,1104,hog,"{""sigma"": 9.106886739343064, ""size"": 31, ""theta"": 2.971972451575259}",0.10652760416269302,positive
exp_024_mmr,166,53,gaussian,"{""sigma_x"": 4.7698372607408395, ""sigma_y"": 4.7698372607408395, ""size"": 31, ""theta"": 1.6058810136334147}",-0.09181845933198929,negative
exp_024_mmr,167,1020,hog,"{""sigma"": 13.19775769620156, ""size"": 31, ""theta"": 2.7875139490475473}",0.021612731739878654,positive
exp_024_mmr,168,361,anisotropic_gaussian,"{""sigma_x"": 4.389580208965058, ""sigma_y"": 4.801050759865004, ""size"": 31, ""theta"": 2.9141191414393424}",-0.1010248214006424,negative
exp_024_mmr,169,315,anisotropic_gaussian,"{""sigma_x"": 2.856880051735059, ""sigma_y"": 5.431517244714259, ""size"": 31, ""theta"": 2.679889017441138}",-0.1332731544971466,negative
exp_024_mmr,170,146,gaussian,"{""sigma_x"": 4.623354093926783, ""sigma_y"": 4.623354093926783, ""size"": 31, ""theta"": 0.8029937137491246}",-0.15192091464996338,negative
exp_024_mmr,171,390,anisotropic_gaussian,"{""sigma_x"": 1.56421450418376, ""sigma_y"": 3.6565129711517255, ""size"": 31, ""theta"": 0.6684487370732631}",-0.20128463208675385,negative
exp_024_mmr,172,334,anisotropic_gaussian,"{""sigma_x"": 2.6296414722452752, ""sigma_y"": 6.010375569294898, ""size"": 31, ""theta"": 0.9194516392906527}",-0.1235295906662941,negative
exp_024_mmr,173,1087,hog,"{""sigma"": 11.500591569986133, ""size"": 31, ""theta"": 0.3152675242169749}",0.0712728276848793,positive
exp_024_mmr,174,395,anisotropic_gaussian,"{""sigma_x"": 4.4841407843592656, ""sigma_y"": 4.367209151129357, ""size"": 31, ""theta"": 0.7594944944220128}",-0.15891575813293457,negative
exp_024_mmr,175,232,anisotropic_gaussian,"{""sigma_x"": 4.13395883916195, ""sigma_y"": 2.92237730793502, ""size"": 31, ""theta"": 1.975669699799844}",-0.19292183220386505,negative
exp_024_mmr,176,285,anisotropic_gaussian,"{""sigma_x"": 2.0966136996152587, ""sigma_y"": 5.217294243385622, ""size"": 31, ""theta"": 2.673026950627152}",-0.06346960365772247,negative
exp_024_mmr,177,1070,hog,"{""sigma"": 12.254663643816912, ""size"": 31, ""theta"": 2.750727540735833}",0.01615980826318264,positive
exp_024_mmr,178,10,gaussian,"{""sigma_x"": 4.272069827242218, ""sigma_y"": 4.272069827242218, ""size"": 31, ""theta"": 2.696603901698433}",-0.13544301688671112,negative
exp_024_mmr,179,1007,hog,"{""sigma"": 13.908809137076712, ""size"": 31, ""theta"": 0.38668378857874325}",0.031386252492666245,positive
exp_024_mmr,180,1142,hog,"{""sigma"": 8.105662574852557, ""size"": 31, ""theta"": 0.13187808017620625}",0.031048821285367012,positive
exp_024_mmr,181,65,gaussian,"{""sigma_x"": 4.208368069560054, ""sigma_y"": 4.208368069560054, ""size"": 31, ""theta"": 1.2859067614040032}",-0.03550168499350548,negative
exp_024_mmr,182,1131,hog,"{""sigma"": 14.703272659421646, ""size"": 31, ""theta"": 2.5634222736615264}",-0.035495828837156296,negative
exp_024_mmr,183,359,anisotropic_gaussian,"{""sigma_x"": 1.450911577678303, ""sigma_y"": 3.9315322818361182, ""size"": 31, ""theta"": 2.8607975915577577}",-0.1643242985010147,negative
exp_024_mmr,184,1017,hog,"{""sigma"": 9.937794719392883, ""size"": 31, ""theta"": 2.7938195247770903}",0.021164145320653915,positive
exp_024_mmr,185,295,anisotropic_gaussian,"{""sigma_x"": 1.7496329243100839, ""sigma_y"": 4.174486907165169, ""size"": 31, ""theta"": 0.35556538473779226}",-0.09766733646392822,negative
exp_024_mmr,186,34,gaussian,"{""sigma_x"": 4.104753223489466, ""sigma_y"": 4.104753223489466, ""size"": 31, ""theta"": 1.004290364938524}",-0.10085628926753998,negative
exp_024_mmr,187,397,anisotropic_gaussian,"{""sigma_x"": 4.89902681045111, ""sigma_y"": 2.589102545050923, ""size"": 31, ""theta"": 1.0517069944657962}",-0.10265590250492096,negative
exp_024_mmr,188,169,gaussian,"{""sigma_x"": 4.085682431514929, ""sigma_y"": 4.085682431514929, ""size"": 31, ""theta"": 2.3819833989655597}",-0.12824377417564392,negative
exp_024_mmr,189,1038,hog,"{""sigma"": 9.55826295678647, ""size"": 31, ""theta"": 0.30065124660249964}",0.04950142279267311,positive
exp_024_mmr,190,167,gaussian,"{""sigma_x"": 4.029180461653272, ""sigma_y"": 4.029180461653272, ""size"": 31, ""theta"": 2.5907878433819405}",-0.16951677203178406,negative
exp_024_mmr,191,164,gaussian,"{""sigma_x"": 4.015345093058034, ""sigma_y"": 4.015345093058034, ""size"": 31, ""theta"": 2.7606740943143624}",-0.07349319756031036,negative
exp_024_mmr,192,356,anisotropic_gaussian,"{""sigma_x"": 1.8388752865577294, ""sigma_y"": 4.58403964386314, ""size"": 31, ""theta"": 0.6156026374391647}",-0.09903929382562637,negative
exp_024_mmr,193,307,anisotropic_gaussian,"{""sigma_x"": 1.5139276335881917, ""sigma_y"": 3.128420386922373, ""size"": 31, ""theta"": 2.305423433173982}",-0.23375704884529114,negative
exp_024_mmr,194,1196,hog,"{""sigma"": 9.342433242674653, ""size"": 31, ""theta"": 2.8053149295087265}",-0.018513113260269165,negative
exp_024_mmr,195,1152,hog,"{""sigma"": 8.074565287210568, ""size"": 31, ""theta"": 0.16154233441446564}",0.07760436087846756,positive
exp_024_mmr,196,241,anisotropic_gaussian,"{""sigma_x"": 2.556707393949122, ""sigma_y"": 7.34743691248507, ""size"": 31, ""theta"": 1.502060956761478}",-0.1291477084159851,negative
exp_024_mmr,197,208,anisotropic_gaussian,"{""sigma_x"": 1.74979073420035, ""sigma_y"": 4.806447993427248, ""size"": 31, ""theta"": 2.5324191023959104}",-0.13756221532821655,negative
exp_024_mmr,198,54,gaussian,"{""sigma_x"": 3.9368271284772964, ""sigma_y"": 3.9368271284772964, ""size"": 31, ""theta"": 2.572458158006134}",-0.07806697487831116,negative
exp_024_mmr,199,284,anisotropic_gaussian,"{""sigma_x"": 2.7670415103222195, ""sigma_y"": 4.380382528176652, ""size"": 31, ""theta"": 2.71131740134285}",-0.15441866219043732,negative
exp_024_mmr,200,1151,hog,"{""sigma"": 8.214222814284344, ""size"": 31, ""theta"": 0.1950343357712609}",0.05698152258992195,positive
exp_025_mmr,1,272,anisotropic_gaussian,"{""sigma_x"": 14.98045771880471, ""sigma_y"": 42.36815689562294, ""size"": 31, ""theta"": 2.5597906167518056}",0.08644532412290573,positive
exp_025_mmr,2,947,gabor,"{""freq"": 0.24976306765460893, ""gamma"": 1.304059521106089, ""phase"": 1.4059733730120665, ""sigma"": 11.782081463598846, ""size"": 31, ""theta"": 3.1199287440288765}",0.10743992030620575,positive
exp_025_mmr,3,283,anisotropic_gaussian,"{""sigma_x"": 1.7926979693371767, ""sigma_y"": 2.0008356347558323, ""size"": 31, ""theta"": 1.804343798196316}",-0.20122280716896057,negative
exp_025_mmr,4,1137,hog,"{""sigma"": 14.16540435291869, ""size"": 31, ""theta"": 3.035648237514298}",0.08640863746404648,positive
exp_025_mmr,5,347,anisotropic_gaussian,"{""sigma_x"": 13.637078509443167, ""sigma_y"": 37.894962410690816, ""size"": 31, ""theta"": 2.537566533904384}",0.14411494135856628,positive
exp_025_mmr,6,288,anisotropic_gaussian,"{""sigma_x"": 15.475530397578016, ""sigma_y"": 44.55501293800593, ""size"": 31, ""theta"": 2.079361592026223}",0.09173025190830231,positive
exp_025_mmr,7,377,anisotropic_gaussian,"{""sigma_x"": 14.036499366277784, ""sigma_y"": 24.531287852903876, ""size"": 31, ""theta"": 2.864564480206667}",0.10399654507637024,positive
exp_025_mmr,8,205,anisotropic_gaussian,"{""sigma_x"": 13.181344328010125, ""sigma_y"": 36.33389966171892, ""size"": 31, ""theta"": 2.0594173322307974}",0.07756274938583374,positive
exp_025_mmr,9,286,anisotropic_gaussian,"{""sigma_x"": 12.28511928252958, ""sigma_y"": 26.458742445863315, ""size"": 31, ""theta"": 2.973339189159105}",0.10660509765148163,positive
exp_025_mmr,10,203,anisotropic_gaussian,"{""sigma_x"": 14.815567436126106, ""sigma_y"": 39.076369878225854, ""size"": 31, ""theta"": 1.2039858816821094}",0.16834115982055664,positive
exp_025_mmr,11,318,anisotropic_gaussian,"{""sigma_x"": 14.401609327286133, ""sigma_y"": 23.361979420377697, ""size"": 31, ""theta"": 0.3198108725670357}",0.16902217268943787,positive
exp_025_mmr,12,207,anisotropic_gaussian,"{""sigma_x"": 15.243968902273505, ""sigma_y"": 24.65056811379243, ""size"": 31, ""theta"": 1.2795319319885305}",0.14921657741069794,positive
exp_025_mmr,13,289,anisotropic_gaussian,"{""sigma_x"": 11.720081309737346, ""sigma_y"": 27.649629045945378, ""size"": 31, ""theta"": 0.05868340728545048}",0.06355378776788712,positive
exp_025_mmr,14,344,anisotropic_gaussian,"{""sigma_x"": 12.413669074562328, ""sigma_y"": 30.022817670379084, ""size"": 31, ""theta"": 0.2887635363492331}",0.12550731003284454,positive
exp_025_mmr,15,274,anisotropic_gaussian,"{""sigma_x"": 14.388007080726512, ""sigma_y"": 25.885997351281553, ""size"": 31, ""theta"": 0.7298481311833812}",0.06929254531860352,positive
exp_025_mmr,16,269,anisotropic_gaussian,"{""sigma_x"": 10.878230001127502, ""sigma_y"": 29.679212583239682, ""size"": 31, ""theta"": 3.0625433100783503}",0.13186797499656677,positive
exp_025_mmr,17,341,anisotropic_gaussian,"{""sigma_x"": 10.877242173497887, ""sigma_y"": 21.475862795405373, ""size"": 31, ""theta"": 2.35010054712461}",0.12921687960624695,positive
exp_025_mmr,18,255,anisotropic_gaussian,"{""sigma_x"": 13.430392278439689, ""sigma_y"": 22.60056952544159, ""size"": 31, ""theta"": 0.8105722476093812}",0.141425222158432,positive
exp_025_mmr,19,363,anisotropic_gaussian,"{""sigma_x"": 11.412619945314884, ""sigma_y"": 23.61840265652583, ""size"": 31, ""theta"": 2.0088470559764224}",0.14125339686870575,positive
exp_025_mmr,20,23,gaussian,"{""sigma_x"": 14.38219088183393, ""sigma_y"": 14.38219088183393, ""size"": 31, ""theta"": 2.54893439690806}",0.10328678041696548,positive
exp_025_mmr,21,86,gaussian,"{""sigma_x"": 14.360629076318954, ""sigma_y"": 14.360629076318954, ""size"": 31, ""theta"": 2.228632371036076}",0.16556699573993683,positive
exp_025_mmr,22,10,gaussian,"{""sigma_x"": 14.17133657526321, ""sigma_y"": 14.17133657526321, ""size"": 31, ""theta"": 1.7363761169194203}",0.12373003363609314,positive
exp_025_mmr,23,215,anisotropic_gaussian,"{""sigma_x"": 11.948573574210068, ""sigma_y"": 35.56000559019364, ""size"": 31, ""theta"": 0.8586844720684269}",0.1252216398715973,positive
exp_025_mmr,24,312,anisotropic_gaussian,"{""sigma_x"": 3.1084938485655282, ""sigma_y"": 9.231468650584736, ""size"": 31, ""theta"": 0.061666795668738415}",0.047277044504880905,positive
exp_025_mmr,25,139,gaussian,"{""sigma_x"": 14.069323661272499, ""sigma_y"": 14.069323661272499, ""size"": 31, ""theta"": 2.48585687985838}",0.08764831721782684,positive
exp_025_mmr,26,313,anisotropic_gaussian,"{""sigma_x"": 9.670888587488006, ""sigma_y"": 27.976241499964647, ""size"": 31, ""theta"": 2.1170206037186503}",0.0760294571518898,positive
exp_025_mmr,27,310,anisotropic_gaussian,"{""sigma_x"": 10.775288122261998, ""sigma_y"": 16.96441946711948, ""size"": 31, ""theta"": 2.9955706614559454}",0.10164959728717804,positive
exp_025_mmr,28,227,anisotropic_gaussian,"{""sigma_x"": 12.212322447407614, ""sigma_y"": 21.85004356458009, ""size"": 31, ""theta"": 0.8962361758148228}",0.07514680922031403,positive
exp_025_mmr,29,38,gaussian,"{""sigma_x"": 13.672412076430266, ""sigma_y"": 13.672412076430266, ""size"": 31, ""theta"": 2.355004595318517}",0.058958157896995544,positive
exp_025_mmr,30,47,gaussian,"{""sigma_x"": 13.541761565971564, ""sigma_y"": 13.541761565971564, ""size"": 31, ""theta"": 3.025493726497571}",0.05653388425707817,positive
exp_025_mmr,31,308,anisotropic_gaussian,"{""sigma_x"": 10.455530907578764, ""sigma_y"": 16.441575572962602, ""size"": 31, ""theta"": 2.387593742274471}",0.12329358607530594,positive
exp_025_mmr,32,356,anisotropic_gaussian,"{""sigma_x"": 12.66915017577654, ""sigma_y"": 14.52320301146246, ""size"": 31, ""theta"": 0.796848674427593}",0.0738493800163269,positive
exp_025_mmr,33,223,anisotropic_gaussian,"{""sigma_x"": 11.288747394469553, ""sigma_y"": 14.607040019798914, ""size"": 31, ""theta"": 2.9909860427937125}",0.15291717648506165,positive
exp_025_mmr,34,328,anisotropic_gaussian,"{""sigma_x"": 7.7594489125923705, ""sigma_y"": 22.740864344052905, ""size"": 31, ""theta"": 2.9465258947616797}",0.09498569369316101,positive
exp_025_mmr,35,62,gaussian,"{""sigma_x"": 13.175407168455148, ""sigma_y"": 13.175407168455148, ""size"": 31, ""theta"": 2.6538370162639744}",0.13237877190113068,positive
exp_025_mmr,36,285,anisotropic_gaussian,"{""sigma_x"": 11.590957781736417, ""sigma_y"": 15.04734166216068, ""size"": 31, ""theta"": 2.1094470203586067}",0.11796939373016357,positive
exp_025_mmr,37,172,gaussian,"{""sigma_x"": 13.043196415203752, ""sigma_y"": 13.043196415203752, ""size"": 31, ""theta"": 1.477224682236354}",0.09584061801433563,positive
exp_025_mmr,38,198,gaussian,"{""sigma_x"": 12.994958352528478, ""sigma_y"": 12.994958352528478, ""size"": 31, ""theta"": 0.4960877588931701}",0.09192788600921631,positive
exp_025_mmr,39,36,gaussian,"{""sigma_x"": 12.877986787469768, ""sigma_y"": 12.877986787469768, ""size"": 31, ""theta"": 2.9981952738396944}",0.07373090833425522,positive
exp_025_mmr,40,97,gaussian,"{""sigma_x"": 12.875581753818112, ""sigma_y"": 12.875581753818112, ""size"": 31, ""theta"": 0.9500027657339578}",0.09644368290901184,positive
exp_025_mmr,41,163,gaussian,"{""sigma_x"": 12.814925146078647, ""sigma_y"": 12.814925146078647, ""size"": 31, ""theta"": 3.040766883688858}",0.143142968416214,positive
exp_025_mmr,42,69,gaussian,"{""sigma_x"": 12.799941690644863, ""sigma_y"": 12.799941690644863, ""size"": 31, ""theta"": 2.623264373550397}",0.11163253337144852,positive
exp_025_mmr,43,111,gaussian,"{""sigma_x"": 12.75875190373609, ""sigma_y"": 12.75875190373609, ""size"": 31, ""theta"": 0.8173775148226907}",0.10486201196908951,positive
exp_025_mmr,44,200,anisotropic_gaussian,"{""sigma_x"": 8.574485672198005, ""sigma_y"": 16.800994019722545, ""size"": 31, ""theta"": 2.4694277602148027}",0.09186170995235443,positive
exp_025_mmr,45,270,anisotropic_gaussian,"{""sigma_x"": 11.225993005529512, ""sigma_y"": 18.63327515838683, ""size"": 31, ""theta"": 1.120931967458076}",0.15607796609401703,positive
exp_025_mmr,46,110,gaussian,"{""sigma_x"": 12.491709911415915, ""sigma_y"": 12.491709911415915, ""size"": 31, ""theta"": 0.6910164433746596}",0.1604948192834854,positive
exp_025_mmr,47,91,gaussian,"{""sigma_x"": 12.3512118632943, ""sigma_y"": 12.3512118632943, ""size"": 31, ""theta"": 2.7867851749287946}",0.0527527742087841,positive
exp_025_mmr,48,357,anisotropic_gaussian,"{""sigma_x"": 14.36661143254283, ""sigma_y"": 11.400816462721258, ""size"": 31, ""theta"": 2.8309056948288873}",0.11014492064714432,positive
exp_025_mmr,49,858,gabor,"{""freq"": 0.1299674520549456, ""gamma"": 1.2205888799230225, ""phase"": 1.6945791836419173, ""sigma"": 11.844634725584681, ""size"": 31, ""theta"": 3.1326864983156417}",0.1771097183227539,positive
exp_025_mmr,50,20,gaussian,"{""sigma_x"": 11.90382186145895, ""sigma_y"": 11.90382186145895, ""size"": 31, ""theta"": 0.3577165882942337}",0.05840444937348366,positive
exp_025_mmr,51,314,anisotropic_gaussian,"{""sigma_x"": 8.755747402888423, ""sigma_y"": 16.185017597506423, ""size"": 31, ""theta"": 2.1575774746819607}",0.062374234199523926,positive
exp_025_mmr,52,19,gaussian,"{""sigma_x"": 11.651005719014071, ""sigma_y"": 11.651005719014071, ""size"": 31, ""theta"": 2.8091448031514696}",0.10599929839372635,positive
exp_025_mmr,53,68,gaussian,"{""sigma_x"": 11.60508321538044, ""sigma_y"": 11.60508321538044, ""size"": 31, ""theta"": 1.5234376398455927}",0.11904008686542511,positive
exp_025_mmr,54,253,anisotropic_gaussian,"{""sigma_x"": 6.944195100247184, ""sigma_y"": 20.55911359961762, ""size"": 31, ""theta"": 0.2689526652961116}",0.10924738645553589,positive
exp_025_mmr,55,333,anisotropic_gaussian,"{""sigma_x"": 11.530902865233971, ""sigma_y"": 10.95515803958871, ""size"": 31, ""theta"": 1.9071728556771999}",0.09047459065914154,positive
exp_025_mmr,56,138,gaussian,"{""sigma_x"": 11.062664198343, ""sigma_y"": 11.062664198343, ""size"": 31, ""theta"": 2.468595236823399}",0.1030079796910286,positive
exp_025_mmr,57,41,gaussian,"{""sigma_x"": 10.885771403947937, ""sigma_y"": 10.885771403947937, ""size"": 31, ""theta"": 0.9688228768606146}",0.1328195482492447,positive
exp_025_mmr,58,394,anisotropic_gaussian,"{""sigma_x"": 11.127687394037993, ""sigma_y"": 10.436768592527681, ""size"": 31, ""theta"": 1.8129142413471304}",0.057374123483896255,positive
exp_025_mmr,59,123,gaussian,"{""sigma_x"": 10.796560709538069, ""sigma_y"": 10.796560709538069, ""size"": 31, ""theta"": 0.5596859513941576}",0.15652674436569214,positive
exp_025_mmr,60,54,gaussian,"{""sigma_x"": 10.7873786921764, ""sigma_y"": 10.7873786921764, ""size"": 31, ""theta"": 0.0458274299520403}",0.06109090521931648,positive
exp_025_mmr,61,304,anisotropic_gaussian,"{""sigma_x"": 7.50029011746975, ""sigma_y"": 14.127405768427769, ""size"": 31, ""theta"": 2.2529900759602275}",0.1035509705543518,positive
exp_025_mmr,62,190,gaussian,"{""sigma_x"": 10.448479349494102, ""sigma_y"": 10.448479349494102, ""size"": 31, ""theta"": 1.4365111283463197}",0.07500079274177551,positive
exp_025_mmr,63,353,anisotropic_gaussian,"{""sigma_x"": 9.699327651078743, ""sigma_y"": 12.491531686652603, ""size"": 31, ""theta"": 1.2757596541001197}",0.10312041640281677,positive
exp_025_mmr,64,43,gaussian,"{""sigma_x"": 10.273237019958367, ""sigma_y"": 10.273237019958367, ""size"": 31, ""theta"": 2.485757606183443}",0.13796715438365936,positive
exp_025_mmr,65,61,gaussian,"{""sigma_x"": 10.271707668302039, ""sigma_y"": 10.271707668302039, ""size"": 31, ""theta"": 2.0123309729842846}",0.05915738269686699,positive
exp_025_mmr,66,30,gaussian,"{""sigma_x"": 10.205558353550662, ""sigma_y"": 10.205558353550662, ""size"": 31, ""theta"": 2.7024293699883355}",0.054711710661649704,positive
exp_025_mmr,67,173,gaussian,"{""sigma_x"": 10.149089342357614, ""sigma_y"": 10.149089342357614, ""size"": 31, ""theta"": 1.9110895588273085}",0.0797409862279892,positive
exp_025_mmr,68,252,anisotropic_gaussian,"{""sigma_x"": 4.731041654984434, ""sigma_y"": 13.61206775751846, ""size"": 31, ""theta"": 0.126609669288241}",0.04320661351084709,positive
exp_025_mmr,69,352,anisotropic_gaussian,"{""sigma_x"": 8.351123498834886, ""sigma_y"": 18.41466460313684, ""size"": 31, ""theta"": 1.3460328536910082}",0.0769881084561348,positive
exp_025_mmr,70,277,anisotropic_gaussian,"{""sigma_x"": 7.058488901419309, ""sigma_y"": 19.579088260943337, ""size"": 31, ""theta"": 0.727619148885644}",0.09992577880620956,positive
exp_025_mmr,71,324,anisotropic_gaussian,"{""sigma_x"": 8.399944395826992, ""sigma_y"": 14.578398615841767, ""size"": 31, ""theta"": 0.9670738557571974}",0.07443620264530182,positive
exp_025_mmr,72,322,anisotropic_gaussian,"{""sigma_x"": 12.977589733246042, ""sigma_y"": 7.427260956110164, ""size"": 31, ""theta"": 0.6286766921156108}",0.03228429704904556,positive
exp_025_mmr,73,116,gaussian,"{""sigma_x"": 9.853363786185168, ""sigma_y"": 9.853363786185168, ""size"": 31, ""theta"": 2.005633243432162}",0.09029851853847504,positive
exp_025_mmr,74,284,anisotropic_gaussian,"{""sigma_x"": 5.511354030519866, ""sigma_y"": 15.068228643509832, ""size"": 31, ""theta"": 0.13538927054178976}",0.020085468888282776,positive
exp_025_mmr,75,366,anisotropic_gaussian,"{""sigma_x"": 6.8819273004325066, ""sigma_y"": 17.901335061559898, ""size"": 31, ""theta"": 2.024700366342457}",0.05898889899253845,positive
exp_025_mmr,76,159,gaussian,"{""sigma_x"": 9.689407130846929, ""sigma_y"": 9.689407130846929, ""size"": 31, ""theta"": 1.1769171662030435}",0.0594869963824749,positive
exp_025_mmr,77,231,anisotropic_gaussian,"{""sigma_x"": 7.9107311625313255, ""sigma_y"": 20.499303777433234, ""size"": 31, ""theta"": 1.1602942756065842}",0.09409863501787186,positive
exp_025_mmr,78,53,gaussian,"{""sigma_x"": 9.541527908037251, ""sigma_y"": 9.541527908037251, ""size"": 31, ""theta"": 1.971283551080928}",0.06288998574018478,positive
exp_025_mmr,79,147,gaussian,"{""sigma_x"": 9.47575960818674, ""sigma_y"": 9.47575960818674, ""size"": 31, ""theta"": 0.7319523033886206}",0.13323763012886047,positive
exp_025_mmr,80,9,gaussian,"{""sigma_x"": 9.457676905583474, ""sigma_y"": 9.457676905583474, ""size"": 31, ""theta"": 1.4484672606336677}",0.11608372628688812,positive
exp_025_mmr,81,359,anisotropic_gaussian,"{""sigma_x"": 5.668057906876447, ""sigma_y"": 11.095200172480563, ""size"": 31, ""theta"": 3.0136333594166325}",0.05714980512857437,positive
exp_025_mmr,82,355,anisotropic_gaussian,"{""sigma_x"": 6.917717063354026, ""sigma_y"": 18.488260215455846, ""size"": 31, ""theta"": 0.7759182632710093}",0.12028898298740387,positive
exp_025_mmr,83,149,gaussian,"{""sigma_x"": 9.196968282184754, ""sigma_y"": 9.196968282184754, ""size"": 31, ""theta"": 2.5994019629317138}",0.09693246334791183,positive
exp_025_mmr,84,390,anisotropic_gaussian,"{""sigma_x"": 6.750984433107657, ""sigma_y"": 15.804233663426215, ""size"": 31, ""theta"": 0.6599508787883493}",0.057323433458805084,positive
exp_025_mmr,85,125,gaussian,"{""sigma_x"": 9.150841579793465, ""sigma_y"": 9.150841579793465, ""size"": 31, ""theta"": 1.0911856240044435}",0.04170188307762146,positive
exp_025_mmr,86,136,gaussian,"{""sigma_x"": 9.10451029223075, ""sigma_y"": 9.10451029223075, ""size"": 31, ""theta"": 1.2328935345368914}",0.09413713216781616,positive
exp_025_mmr,87,27,gaussian,"{""sigma_x"": 9.023560225209305, ""sigma_y"": 9.023560225209305, ""size"": 31, ""theta"": 1.7602614442583788}",0.11270498484373093,positive
exp_025_mmr,88,292,anisotropic_gaussian,"{""sigma_x"": 10.363733296293358, ""sigma_y"": 6.793523060801191, ""size"": 31, ""theta"": 0.8321188965189577}",0.11676247417926788,positive
exp_025_mmr,89,181,gaussian,"{""sigma_x"": 8.75188339598428, ""sigma_y"": 8.75188339598428, ""size"": 31, ""theta"": 1.9600392737926753}",0.1302398294210434,positive
exp_025_mmr,90,225,anisotropic_gaussian,"{""sigma_x"": 7.042297516319785, ""sigma_y"": 13.492430936499272, ""size"": 31, ""theta"": 0.9120390438050967}",0.08313697576522827,positive
exp_025_mmr,91,320,anisotropic_gaussian,"{""sigma_x"": 9.067031866195464, ""sigma_y"": 8.51639456125488, ""size"": 31, ""theta"": 0.28739821754576195}",0.07321979850530624,positive
exp_025_mmr,92,371,anisotropic_gaussian,"{""sigma_x"": 6.603013191458514, ""sigma_y"": 18.67978175792523, ""size"": 31, ""theta"": 1.0268615056473407}",0.060445014387369156,positive
exp_025_mmr,93,299,anisotropic_gaussian,"{""sigma_x"": 5.163810552204261, ""sigma_y"": 9.902680002878018, ""size"": 31, ""theta"": 0.0967550382943385}",0.0941375195980072,positive
exp_025_mmr,94,141,gaussian,"{""sigma_x"": 8.412759805481645, ""sigma_y"": 8.412759805481645, ""size"": 31, ""theta"": 2.0009266999597517}",0.12388681620359421,positive
exp_025_mmr,95,87,gaussian,"{""sigma_x"": 8.38962940684574, ""sigma_y"": 8.38962940684574, ""size"": 31, ""theta"": 2.6214731820004378}",0.10591092705726624,positive
exp_025_mmr,96,39,gaussian,"{""sigma_x"": 8.189396064813256, ""sigma_y"": 8.189396064813256, ""size"": 31, ""theta"": 1.0444501891564104}",0.03963426873087883,positive
exp_025_mmr,97,233,anisotropic_gaussian,"{""sigma_x"": 4.749919546111384, ""sigma_y"": 11.421005945881882, ""size"": 31, ""theta"": 2.35345744898051}",0.06332595646381378,positive
exp_025_mmr,98,101,gaussian,"{""sigma_x"": 8.04094461220124, ""sigma_y"": 8.04094461220124, ""size"": 31, ""theta"": 1.8332222353498662}",0.023046696558594704,positive
exp_025_mmr,99,389,anisotropic_gaussian,"{""sigma_x"": 6.396562477982764, ""sigma_y"": 9.177436296979646, ""size"": 31, ""theta"": 2.412695801797194}",0.030475791543722153,positive
exp_025_mmr,100,368,anisotropic_gaussian,"{""sigma_x"": 4.441415858373627, ""sigma_y"": 8.850360014941863, ""size"": 31, ""theta"": 2.731340400261467}",0.08172187209129333,positive
exp_025_mmr,101,133,gaussian,"{""sigma_x"": 7.818148197046878, ""sigma_y"": 7.818148197046878, ""size"": 31, ""theta"": 1.3116756498162294}",0.057330112904310226,positive
exp_025_mmr,102,220,anisotropic_gaussian,"{""sigma_x"": 3.455411929250368, ""sigma_y"": 9.090678468293834, ""size"": 31, ""theta"": 0.005809781498539502}",0.006517441011965275,positive
exp_025_mmr,103,226,anisotropic_gaussian,"{""sigma_x"": 8.827064325262123, ""sigma_y"": 7.242495414061218, ""size"": 31, ""theta"": 0.17169388319811513}",0.01595241390168667,positive
exp_025_mmr,104,221,anisotropic_gaussian,"{""sigma_x"": 4.555054563607751, ""sigma_y"": 8.412363438986848, ""size"": 31, ""theta"": 2.835214525443548}",0.0885239765048027,positive
exp_025_mmr,105,135,gaussian,"{""sigma_x"": 7.591745961328716, ""sigma_y"": 7.591745961328716, ""size"": 31, ""theta"": 0.4633044701281198}",0.013087916187942028,positive
exp_025_mmr,106,126,gaussian,"{""sigma_x"": 7.5161198991036535, ""sigma_y"": 7.5161198991036535, ""size"": 31, ""theta"": 1.8099436056040688}",0.0183368232101202,positive
exp_025_mmr,107,75,gaussian,"{""sigma_x"": 7.50551087111101, ""sigma_y"": 7.50551087111101, ""size"": 31, ""theta"": 0.11050881067207871}",0.045190971344709396,positive
exp_025_mmr,108,208,anisotropic_gaussian,"{""sigma_x"": 4.154650087990544, ""sigma_y"": 8.134940473092295, ""size"": 31, ""theta"": 0.0539274254760406}",-0.0004956157645210624,negative
exp_025_mmr,109,332,anisotropic_gaussian,"{""sigma_x"": 6.676775058401549, ""sigma_y"": 10.982247464113824, ""size"": 31, ""theta"": 1.4788111690980896}",0.12118639051914215,positive
exp_025_mmr,110,298,anisotropic_gaussian,"{""sigma_x"": 8.08121420874351, ""sigma_y"": 6.984892068439365, ""size"": 31, ""theta"": 2.5481535567697904}",0.0728536918759346,positive
exp_025_mmr,111,230,anisotropic_gaussian,"{""sigma_x"": 7.0979168725448405, ""sigma_y"": 7.948008214353132, ""size"": 31, ""theta"": 1.2581734757682104}",0.027170496061444283,positive
exp_025_mmr,112,28,gaussian,"{""sigma_x"": 7.203108702437362, ""sigma_y"": 7.203108702437362, ""size"": 31, ""theta"": 1.3729225851925098}",0.04217887669801712,positive
exp_025_mmr,113,243,anisotropic_gaussian,"{""sigma_x"": 7.172125818825368, ""sigma_y"": 5.4286883026614, ""size"": 31, ""theta"": 1.6480945587294178}",-0.02415941096842289,negative
exp_025_mmr,114,397,anisotropic_gaussian,"{""sigma_x"": 3.4131460228086787, ""sigma_y"": 8.269996748482042, ""size"": 31, ""theta"": 2.5923937683719673}",-0.00573311373591423,negative
exp_025_mmr,115,72,gaussian,"{""sigma_x"": 7.00756940609872, ""sigma_y"": 7.00756940609872, ""size"": 31, ""theta"": 1.6472390204014284}",0.030865175649523735,positive
exp_025_mmr,116,144,gaussian,"{""sigma_x"": 6.929561252368783, ""sigma_y"": 6.929561252368783, ""size"": 31, ""theta"": 2.6959222128409936}",0.08699358999729156,positive
exp_025_mmr,117,251,anisotropic_gaussian,"{""sigma_x"": 6.050630899087504, ""sigma_y"": 11.103868907405458, ""size"": 31, ""theta"": 1.490371446983289}",0.04881756752729416,positive
exp_025_mmr,118,25,gaussian,"{""sigma_x"": 6.856229543893929, ""sigma_y"": 6.856229543893929, ""size"": 31, ""theta"": 0.25535811509953804}",0.038055695593357086,positive
exp_025_mmr,119,12,gaussian,"{""sigma_x"": 6.77274681184537, ""sigma_y"": 6.77274681184537, ""size"": 31, ""theta"": 0.7213156393041634}",0.05646825209259987,positive
exp_025_mmr,120,235,anisotropic_gaussian,"{""sigma_x"": 5.48554003795786, ""sigma_y"": 10.707526906638192, ""size"": 31, ""theta"": 1.7796539923465537}",0.08999832719564438,positive
exp_025_mmr,121,180,gaussian,"{""sigma_x"": 6.512997679365555, ""sigma_y"": 6.512997679365555, ""size"": 31, ""theta"": 1.2527841394178112}",0.0050355661660432816,positive
exp_025_mmr,122,267,anisotropic_gaussian,"{""sigma_x"": 2.789823836297547, ""sigma_y"": 8.083282038616263, ""size"": 31, ""theta"": 0.5265389111790856}",-0.01904308795928955,negative
exp_025_mmr,123,102,gaussian,"{""sigma_x"": 6.502284322428548, ""sigma_y"": 6.502284322428548, ""size"": 31, ""theta"": 2.1197707102614527}",0.04150531813502312,positive
exp_025_mmr,124,1082,hog,"{""sigma"": 14.529821092490385, ""size"": 31, ""theta"": 0.1775415907213815}",0.053742073476314545,positive
exp_025_mmr,125,238,anisotropic_gaussian,"{""sigma_x"": 4.45909048201595, ""sigma_y"": 12.571005830658493, ""size"": 31, ""theta"": 1.0322257048659682}",0.01831677369773388,positive
exp_025_mmr,126,183,gaussian,"{""sigma_x"": 6.425636941571337, ""sigma_y"": 6.425636941571337, ""size"": 31, ""theta"": 0.13718353868774752}",0.07885432988405228,positive
exp_025_mmr,127,1190,hog,"{""sigma"": 14.925191439843765, ""size"": 31, ""theta"": 2.965709442140442}",0.05006701871752739,positive
exp_025_mmr,128,362,anisotropic_gaussian,"{""sigma_x"": 4.261652957175346, ""sigma_y"": 6.325786183708166, ""size"": 31, ""theta"": 3.093859416696203}",-0.009736341424286366,negative
exp_025_mmr,129,1023,hog,"{""sigma"": 12.97512874416222, ""size"": 31, ""theta"": 3.062278993720458}",0.10630254447460175,positive
exp_025_mmr,130,257,anisotropic_gaussian,"{""sigma_x"": 6.20852424244573, ""sigma_y"": 6.696090032716139, ""size"": 31, ""theta"": 1.6984101641699159}",-0.015661386772990227,negative
exp_025_mmr,131,164,gaussian,"{""sigma_x"": 6.259779365775403, ""sigma_y"": 6.259779365775403, ""size"": 31, ""theta"": 2.476111742529858}",0.028211751952767372,positive
exp_025_mmr,132,1040,hog,"{""sigma"": 13.337494499668777, ""size"": 31, ""theta"": 2.5180445763717274}",0.039799053221940994,positive
exp_025_mmr,133,264,anisotropic_gaussian,"{""sigma_x"": 5.350738384720596, ""sigma_y"": 9.94306596115333, ""size"": 31, ""theta"": 1.6451952891860553}",0.033894605934619904,positive
exp_025_mmr,134,302,anisotropic_gaussian,"{""sigma_x"": 7.236410712352237, ""sigma_y"": 5.932513996522091, ""size"": 31, ""theta"": 3.052748696999288}",-0.015060203149914742,negative
exp_025_mmr,135,1125,hog,"{""sigma"": 13.488891651703526, ""size"": 31, ""theta"": 0.1499678818507668}",0.08707912266254425,positive
exp_025_mmr,136,1145,hog,"{""sigma"": 11.934814348726318, ""size"": 31, ""theta"": 3.0564848223318997}",0.06589407473802567,positive
exp_025_mmr,137,44,gaussian,"{""sigma_x"": 6.090374071921168, ""sigma_y"": 6.090374071921168, ""size"": 31, ""theta"": 1.8300919677916443}",0.028565045446157455,positive
exp_025_mmr,138,124,gaussian,"{""sigma_x"": 5.9922131117269215, ""sigma_y"": 5.9922131117269215, ""size"": 31, ""theta"": 2.220457481650667}",-0.006858801934868097,negative
exp_025_mmr,139,343,anisotropic_gaussian,"{""sigma_x"": 5.85768000107011, ""sigma_y"": 6.646537840160853, ""size"": 31, ""theta"": 1.5685715681960475}",-0.00394077692180872,negative
exp_025_mmr,140,83,gaussian,"{""sigma_x"": 5.908830770160314, ""sigma_y"": 5.908830770160314, ""size"": 31, ""theta"": 1.8122530923683329}",0.06680916994810104,positive
exp_025_mmr,141,259,anisotropic_gaussian,"{""sigma_x"": 1.4134120602347509, ""sigma_y"": 4.214646897860661, ""size"": 31, ""theta"": 0.3447970237733345}",-0.11607839912176132,negative
exp_025_mmr,142,244,anisotropic_gaussian,"{""sigma_x"": 5.24712672201935, ""sigma_y"": 8.383744818401325, ""size"": 31, ""theta"": 1.1824329150653066}",0.05425216630101204,positive
exp_025_mmr,143,282,anisotropic_gaussian,"{""sigma_x"": 5.287709839763809, ""sigma_y"": 6.50729621560929, ""size"": 31, ""theta"": 0.6815329352153382}",-0.033743344247341156,negative
exp_025_mmr,144,157,gaussian,"{""sigma_x"": 5.851769553597112, ""sigma_y"": 5.851769553597112, ""size"": 31, ""theta"": 1.6848184829973736}",0.005213023163378239,positive
exp_025_mmr,145,1021,hog,"{""sigma"": 10.511053803717255, ""size"": 31, ""theta"": 3.097434778244392}",0.081169493496418,positive
exp_025_mmr,146,81,gaussian,"{""sigma_x"": 5.726397131529764, ""sigma_y"": 5.726397131529764, ""size"": 31, ""theta"": 3.007298320168043}",-0.005350579973310232,negative
exp_025_mmr,147,331,anisotropic_gaussian,"{""sigma_x"": 3.4441897932881242, ""sigma_y"": 8.876512890078848, ""size"": 31, ""theta"": 2.1341914042430328}",0.006912795826792717,positive
exp_025_mmr,148,1198,hog,"{""sigma"": 13.746472355980014, ""size"": 31, ""theta"": 2.872546071786922}",0.06841344386339188,positive
exp_025_mmr,149,42,gaussian,"{""sigma_x"": 5.601305026522066, ""sigma_y"": 5.601305026522066, ""size"": 31, ""theta"": 2.038021774199938}",-0.0035969812888652086,negative
exp_025_mmr,150,1186,hog,"{""sigma"": 10.23709652244472, ""size"": 31, ""theta"": 3.0548060227908684}",0.12716439366340637,positive
exp_025_mmr,151,40,gaussian,"{""sigma_x"": 5.579990818186312, ""sigma_y"": 5.579990818186312, ""size"": 31, ""theta"": 1.033487901869946}",0.03277185931801796,positive
exp_025_mmr,152,2,gaussian,"{""sigma_x"": 5.580844972160361, ""sigma_y"": 5.580844972160361, ""size"": 31, ""theta"": 2.894217161582059}",0.038607943803071976,positive
exp_025_mmr,153,217,anisotropic_gaussian,"{""sigma_x"": 1.9189200393722676, ""sigma_y"": 5.566433037550207, ""size"": 31, ""theta"": 2.6058077615457753}",-0.07072564214468002,negative
exp_025_mmr,154,46,gaussian,"{""sigma_x"": 5.447398693476731, ""sigma_y"": 5.447398693476731, ""size"": 31, ""theta"": 1.701994370868528}",0.026017064228653908,positive
exp_025_mmr,155,0,gaussian,"{""sigma_x"": 5.4107226960537815, ""sigma_y"": 5.4107226960537815, ""size"": 31, ""theta"": 2.0853804277977135}",0.029329586774110794,positive
exp_025_mmr,156,209,anisotropic_gaussian,"{""sigma_x"": 5.5572874517692386, ""sigma_y"": 3.370081461221798, ""size"": 31, ""theta"": 1.744198410027893}",-0.08088257163763046,negative
exp_025_mmr,157,384,anisotropic_gaussian,"{""sigma_x"": 2.9781444980817877, ""sigma_y"": 7.162093733330308, ""size"": 31, ""theta"": 0.7012851960811635}",-0.05535890534520149,negative
exp_025_mmr,158,1067,hog,"{""sigma"": 15.299220139487531, ""size"": 31, ""theta"": 2.810979668729139}",0.07225221395492554,positive
exp_025_mmr,159,1074,hog,"{""sigma"": 12.15725721416497, ""size"": 31, ""theta"": 2.8667273045226316}",0.09188379347324371,positive
exp_025_mmr,160,301,anisotropic_gaussian,"{""sigma_x"": 4.6691885146300365, ""sigma_y"": 8.2350072279003, ""size"": 31, ""theta"": 1.4628792442293395}",0.05791255086660385,positive
exp_025_mmr,161,58,gaussian,"{""sigma_x"": 5.331536020145151, ""sigma_y"": 5.331536020145151, ""size"": 31, ""theta"": 2.551790636086775}",0.04080892726778984,positive
exp_025_mmr,162,294,anisotropic_gaussian,"{""sigma_x"": 3.6709294630032314, ""sigma_y"": 10.750168724283364, ""size"": 31, ""theta"": 1.0704062393273484}",0.01319311372935772,positive
exp_025_mmr,163,383,anisotropic_gaussian,"{""sigma_x"": 5.117824605429387, ""sigma_y"": 6.013177232241747, ""size"": 31, ""theta"": 1.2711408847736707}",0.00661125173792243,positive
exp_025_mmr,164,29,gaussian,"{""sigma_x"": 5.225257249201105, ""sigma_y"": 5.225257249201105, ""size"": 31, ""theta"": 3.0409317763681822}",-0.042312026023864746,negative
exp_025_mmr,165,112,gaussian,"{""sigma_x"": 5.170955746718403, ""sigma_y"": 5.170955746718403, ""size"": 31, ""theta"": 0.5259112342696809}",-0.0007858400349505246,negative
exp_025_mmr,166,1069,hog,"{""sigma"": 15.451140684584098, ""size"": 31, ""theta"": 0.3270749504520595}",0.051043666899204254,positive
exp_025_mmr,167,34,gaussian,"{""sigma_x"": 5.112042415645138, ""sigma_y"": 5.112042415645138, ""size"": 31, ""theta"": 1.2286604401451502}",-0.0556972362101078,negative
exp_025_mmr,168,1113,hog,"{""sigma"": 14.990451197004907, ""size"": 31, ""theta"": 2.796945751638601}",0.10422557592391968,positive
exp_025_mmr,169,94,gaussian,"{""sigma_x"": 5.101369911775216, ""sigma_y"": 5.101369911775216, ""size"": 31, ""theta"": 2.062466863775965}",-0.049322836101055145,negative
exp_025_mmr,170,16,gaussian,"{""sigma_x"": 5.101025302557896, ""sigma_y"": 5.101025302557896, ""size"": 31, ""theta"": 1.6573230879242329}",-0.008499120362102985,negative
exp_025_mmr,171,297,anisotropic_gaussian,"{""sigma_x"": 3.923297619943113, ""sigma_y"": 8.403326409075088, ""size"": 31, ""theta"": 1.0488689443185994}",0.0713977962732315,positive
exp_025_mmr,172,1151,hog,"{""sigma"": 12.708389942696547, ""size"": 31, ""theta"": 2.8277240711971494}",0.047946639358997345,positive
exp_025_mmr,173,1068,hog,"{""sigma"": 11.30300395357797, ""size"": 31, ""theta"": 2.8592908965273}",0.04639796167612076,positive
exp_025_mmr,174,316,anisotropic_gaussian,"{""sigma_x"": 3.9102970622475524, ""sigma_y"": 7.940587991901412, ""size"": 31, ""theta"": 1.8776538858636938}",-0.01033307146281004,negative
exp_025_mmr,175,360,anisotropic_gaussian,"{""sigma_x"": 4.176250387559376, ""sigma_y"": 8.7316792391378, ""size"": 31, ""theta"": 1.6467248226491447}",0.036584846675395966,positive
exp_025_mmr,176,349,anisotropic_gaussian,"{""sigma_x"": 5.420049013884204, ""sigma_y"": 4.482275825706406, ""size"": 31, ""theta"": 0.6574807255620474}",0.01711426116526127,positive
exp_025_mmr,177,1054,hog,"{""sigma"": 10.412107311906656, ""size"": 31, ""theta"": 0.2422946588041217}",0.02706007845699787,positive
exp_025_mmr,178,327,anisotropic_gaussian,"{""sigma_x"": 4.781836898864628, ""sigma_y"": 4.774911441547268, ""size"": 31, ""theta"": 1.072407788616327}",-0.037875670939683914,negative
exp_025_mmr,179,239,anisotropic_gaussian,"{""sigma_x"": 3.4245106483270447, ""sigma_y"": 7.046856022240045, ""size"": 31, ""theta"": 0.9202568604416794}",0.00315459375269711,positive
exp_025_mmr,180,129,gaussian,"{""sigma_x"": 4.752575882829286, ""sigma_y"": 4.752575882829286, ""size"": 31, ""theta"": 2.406519251067766}",-0.018424121662974358,negative
exp_025_mmr,181,22,gaussian,"{""sigma_x"": 4.742170384156288, ""sigma_y"": 4.742170384156288, ""size"": 31, ""theta"": 2.058775762636513}",0.02519291825592518,positive
exp_025_mmr,182,260,anisotropic_gaussian,"{""sigma_x"": 2.759416430533201, ""sigma_y"": 6.729882922872354, ""size"": 31, ""theta"": 0.7659479495311977}",-0.048117343336343765,negative
exp_025_mmr,183,1185,hog,"{""sigma"": 10.252403148791375, ""size"": 31, ""theta"": 0.2375368526927402}",0.1317269206047058,positive
exp_025_mmr,184,340,anisotropic_gaussian,"{""sigma_x"": 2.5003282630633827, ""sigma_y"": 4.887319855948587, ""size"": 31, ""theta"": 0.20491865216839855}",-0.03178485110402107,negative
exp_025_mmr,185,52,gaussian,"{""sigma_x"": 4.607514670720612, ""sigma_y"": 4.607514670720612, ""size"": 31, ""theta"": 0.4000159898224693}",-0.005471482872962952,negative
exp_025_mmr,186,1181,hog,"{""sigma"": 14.362185573853981, ""size"": 31, ""theta"": 2.7548264431930236}",0.05641685053706169,positive
exp_025_mmr,187,1011,hog,"{""sigma"": 9.1447682918585, ""size"": 31, ""theta"": 2.907255237315548}",0.09451983124017715,positive
exp_025_mmr,188,60,gaussian,"{""sigma_x"": 4.546253341733794, ""sigma_y"": 4.546253341733794, ""size"": 31, ""theta"": 1.5801986902793586}",0.00259861396625638,positive
exp_025_mmr,189,107,gaussian,"{""sigma_x"": 4.540996307137653, ""sigma_y"": 4.540996307137653, ""size"": 31, ""theta"": 1.054411708028414}",-0.07202848792076111,negative
exp_025_mmr,190,268,anisotropic_gaussian,"{""sigma_x"": 3.1409312887311707, ""sigma_y"": 5.458526845484735, ""size"": 31, ""theta"": 2.358872901025965}",-0.023918358609080315,negative
exp_025_mmr,191,1,gaussian,"{""sigma_x"": 4.4577815195493145, ""sigma_y"": 4.4577815195493145, ""size"": 31, ""theta"": 0.21168486406671044}",-0.07663719356060028,negative
exp_025_mmr,192,153,gaussian,"{""sigma_x"": 4.422977051752971, ""sigma_y"": 4.422977051752971, ""size"": 31, ""theta"": 2.2214805892426503}",-0.030953872948884964,negative
exp_025_mmr,193,317,anisotropic_gaussian,"{""sigma_x"": 5.76604687782321, ""sigma_y"": 3.9567481633294816, ""size"": 31, ""theta"": 3.0538579153566534}",-0.05249020829796791,negative
exp_025_mmr,194,1180,hog,"{""sigma"": 8.196108800070524, ""size"": 31, ""theta"": 0.11096243691784247}",0.04383956268429756,positive
exp_025_mmr,195,1099,hog,"{""sigma"": 8.124640905665137, ""size"": 31, ""theta"": 3.030832972089044}",0.07372141629457474,positive
exp_025_mmr,196,7,gaussian,"{""sigma_x"": 4.256998142352649, ""sigma_y"": 4.256998142352649, ""size"": 31, ""theta"": 2.72395930018858}",-0.035323381423950195,negative
exp_025_mmr,197,1075,hog,"{""sigma"": 13.352242976588474, ""size"": 31, ""theta"": 2.715960705005894}",0.07926823943853378,positive
exp_025_mmr,198,134,gaussian,"{""sigma_x"": 4.195143260446539, ""sigma_y"": 4.195143260446539, ""size"": 31, ""theta"": 3.029386096860102}",-0.004411849658936262,negative
exp_025_mmr,199,160,gaussian,"{""sigma_x"": 4.188241566240671, ""sigma_y"": 4.188241566240671, ""size"": 31, ""theta"": 1.4659324595347392}",0.0051899319514632225,positive
exp_025_mmr,200,319,anisotropic_gaussian,"{""sigma_x"": 1.4782090230676854, ""sigma_y"": 4.227550812132093, ""size"": 31, ""theta"": 0.9753031528548979}",-0.093231201171875,negative
exp_025_mmr,201,17,gaussian,"{""sigma_x"": 4.150276717303311, ""sigma_y"": 4.150276717303311, ""size"": 31, ""theta"": 3.0581718376985134}",0.007860514335334301,positive
exp_025_mmr,202,1168,hog,"{""sigma"": 8.603910058317602, ""size"": 31, ""theta"": 0.20600372576787984}",0.09253937751054764,positive
exp_025_mmr,203,398,anisotropic_gaussian,"{""sigma_x"": 2.2327206283198313, ""sigma_y"": 6.2245152436415365, ""size"": 31, ""theta"": 1.070915559589457}",-0.08400793373584747,negative
exp_025_mmr,204,211,anisotropic_gaussian,"{""sigma_x"": 1.9901372228989915, ""sigma_y"": 3.2821406835592244, ""size"": 31, ""theta"": 2.3885649849457717}",-0.14723746478557587,negative
exp_025_mmr,205,169,gaussian,"{""sigma_x"": 4.052058095424596, ""sigma_y"": 4.052058095424596, ""size"": 31, ""theta"": 3.0611640834175167}",-0.09347759932279587,negative
exp_025_mmr,206,370,anisotropic_gaussian,"{""sigma_x"": 2.630292210873554, ""sigma_y"": 5.463433302788139, ""size"": 31, ""theta"": 2.3397677425267416}",-0.030532924458384514,negative
exp_025_mmr,207,358,anisotropic_gaussian,"{""sigma_x"": 4.029938488603181, ""sigma_y"": 4.136275803185787, ""size"": 31, ""theta"": 2.0496498065229454}",-0.1025468185544014,negative
exp_025_mmr,208,131,gaussian,"{""sigma_x"": 4.046333361205321, ""sigma_y"": 4.046333361205321, ""size"": 31, ""theta"": 0.8312128428273811}",-0.05018524453043938,negative
exp_025_mmr,209,1055,hog,"{""sigma"": 9.222857341204453, ""size"": 31, ""theta"": 2.811915563096492}",0.021886320784687996,positive
exp_025_mmr,210,249,anisotropic_gaussian,"{""sigma_x"": 1.389342966129988, ""sigma_y"": 4.0686407778628695, ""size"": 31, ""theta"": 0.18607252414039271}",-0.08181958645582199,negative
exp_025_mmr,211,396,anisotropic_gaussian,"{""sigma_x"": 3.926518343612288, ""sigma_y"": 2.589444726256015, ""size"": 31, ""theta"": 1.741752536599107}",-0.07159547507762909,negative
exp_025_mmr,212,4,gaussian,"{""sigma_x"": 3.945853873498579, ""sigma_y"": 3.945853873498579, ""size"": 31, ""theta"": 1.278178784776001}",-0.060551032423973083,negative
exp_025_mmr,213,166,gaussian,"{""sigma_x"": 3.9356009285523657, ""sigma_y"": 3.9356009285523657, ""size"": 31, ""theta"": 2.0355639649528197}",-0.03899611905217171,negative
exp_025_mmr,214,1094,hog,"{""sigma"": 10.987971220162851, ""size"": 31, ""theta"": 2.7059995443901386}",0.02376016415655613,positive
exp_025_mmr,215,1142,hog,"{""sigma"": 11.936554326970496, ""size"": 31, ""theta"": 0.5657679336967909}",0.06559296697378159,positive
exp_025_mmr,216,387,anisotropic_gaussian,"{""sigma_x"": 3.469456715533051, ""sigma_y"": 6.105689560669423, ""size"": 31, ""theta"": 1.372754636992499}",-0.039448630064725876,negative
exp_025_mmr,217,305,anisotropic_gaussian,"{""sigma_x"": 3.803458971374335, ""sigma_y"": 4.008468555839252, ""size"": 31, ""theta"": 2.0837971128965127}",-0.10800090432167053,negative
exp_025_mmr,218,165,gaussian,"{""sigma_x"": 3.8188954113331115, ""sigma_y"": 3.8188954113331115, ""size"": 31, ""theta"": 0.9039955916721093}",-0.11266745626926422,negative
exp_025_mmr,219,1085,hog,"{""sigma"": 8.236636326305407, ""size"": 31, ""theta"": 2.870272749213215}",0.06447246670722961,positive
exp_025_mmr,220,376,anisotropic_gaussian,"{""sigma_x"": 1.3625649686276762, ""sigma_y"": 3.5038999493382286, ""size"": 31, ""theta"": 2.894689173172074}",-0.07813288271427155,negative
exp_025_mmr,221,1020,hog,"{""sigma"": 7.793608556933622, ""size"": 31, ""theta"": 2.9204010969497394}",0.0933542400598526,positive
exp_025_mmr,222,330,anisotropic_gaussian,"{""sigma_x"": 2.2593882619677736, ""sigma_y"": 3.5440944316725633, ""size"": 31, ""theta"": 2.9244917745437102}",-0.07523421198129654,negative
exp_025_mmr,223,265,anisotropic_gaussian,"{""sigma_x"": 3.692420054532168, ""sigma_y"": 3.6497900999246835, ""size"": 31, ""theta"": 1.3177031780841322}",-0.017723316326737404,negative
exp_025_mmr,224,137,gaussian,"{""sigma_x"": 3.6737990046520577, ""sigma_y"": 3.6737990046520577, ""size"": 31, ""theta"": 1.47343174851459}",-0.09888868033885956,negative
exp_025_mmr,225,1090,hog,"{""sigma"": 11.978168324297235, ""size"": 31, ""theta"": 0.46639091665396604}",0.10656245052814484,positive
exp_025_mmr,226,399,anisotropic_gaussian,"{""sigma_x"": 2.1234417739177616, ""sigma_y"": 3.54982842238763, ""size"": 31, ""theta"": 0.22111558454283137}",-0.07847949862480164,negative
exp_025_mmr,227,1031,hog,"{""sigma"": 9.327438944643614, ""size"": 31, ""theta"": 2.733918031665549}",0.03283005952835083,positive
exp_025_mmr,228,1007,hog,"{""sigma"": 9.723085000966353, ""size"": 31, ""theta"": 0.3880740474657051}",0.07487796247005463,positive
exp_025_mmr,229,168,gaussian,"{""sigma_x"": 3.5782575864566546, ""sigma_y"": 3.5782575864566546, ""size"": 31, ""theta"": 0.5565564263039064}",-0.08168479055166245,negative
exp_025_mmr,230,256,anisotropic_gaussian,"{""sigma_x"": 1.6147062868914772, ""sigma_y"": 2.9971296971498185, ""size"": 31, ""theta"": 0.26218596712723075}",-0.11702921986579895,negative
exp_025_mmr,231,202,anisotropic_gaussian,"{""sigma_x"": 3.663860714417505, ""sigma_y"": 3.129593884647356, ""size"": 31, ""theta"": 2.2782279370874123}",-0.1183663159608841,negative
exp_025_mmr,232,15,gaussian,"{""sigma_x"": 3.5432734027968946, ""sigma_y"": 3.5432734027968946, ""size"": 31, ""theta"": 2.286591112228272}",-0.07832617312669754,negative
exp_025_mmr,233,338,anisotropic_gaussian,"{""sigma_x"": 2.2088257681526104, ""sigma_y"": 4.254049181969239, ""size"": 31, ""theta"": 2.102193234642557}",-0.0546194426715374,negative
exp_025_mmr,234,1006,hog,"{""sigma"": 7.846053572200017, ""size"": 31, ""theta"": 0.2625270983051127}",0.11165118962526321,positive
exp_025_mmr,235,26,gaussian,"{""sigma_x"": 3.4520674923249004, ""sigma_y"": 3.4520674923249004, ""size"": 31, ""theta"": 2.090823803906216}",-0.022869965061545372,negative
exp_025_mmr,236,375,anisotropic_gaussian,"{""sigma_x"": 1.2690633892456478, ""sigma_y"": 3.4971200557741424, ""size"": 31, ""theta"": 1.919223692677755}",-0.07880339026451111,negative
exp_025_mmr,237,242,anisotropic_gaussian,"{""sigma_x"": 3.2092677496640154, ""sigma_y"": 2.411194728154348, ""size"": 31, ""theta"": 1.7303176072310784}",-0.14503253996372223,negative
exp_025_mmr,238,45,gaussian,"{""sigma_x"": 3.421074480722379, ""sigma_y"": 3.421074480722379, ""size"": 31, ""theta"": 0.2845941642421927}",-0.0441153347492218,negative
exp_025_mmr,239,143,gaussian,"{""sigma_x"": 3.4216973799749897, ""sigma_y"": 3.4216973799749897, ""size"": 31, ""theta"": 1.0171752864712755}",-0.048240479081869125,negative
exp_025_mmr,240,373,anisotropic_gaussian,"{""sigma_x"": 1.6605057752947867, ""sigma_y"": 3.019900287380599, ""size"": 31, ""theta"": 3.09373476851098}",-0.07381229847669601,negative
exp_025_mmr,241,32,gaussian,"{""sigma_x"": 3.3864035510724024, ""sigma_y"": 3.3864035510724024, ""size"": 31, ""theta"": 0.39020581984242614}",-0.08005198836326599,negative
exp_025_mmr,242,154,gaussian,"{""sigma_x"": 3.369952860731613, ""sigma_y"": 3.369952860731613, ""size"": 31, ""theta"": 0.9693299524506153}",-0.03169553726911545,negative
exp_025_mmr,243,388,anisotropic_gaussian,"{""sigma_x"": 2.6277473584629525, ""sigma_y"": 5.8322087852764195, ""size"": 31, ""theta"": 1.7677859611558424}",-0.00833076611161232,negative
exp_025_mmr,244,148,gaussian,"{""sigma_x"": 2.284723549531019, ""sigma_y"": 2.284723549531019, ""size"": 31, ""theta"": 1.3680672872752078}",-0.1383158564567566,negative
exp_025_mmr,245,85,gaussian,"{""sigma_x"": 3.3298445633647593, ""sigma_y"": 3.3298445633647593, ""size"": 31, ""theta"": 2.9086168684414995}",-0.09994101524353027,negative
exp_025_mmr,246,14,gaussian,"{""sigma_x"": 3.3034327741516742, ""sigma_y"": 3.3034327741516742, ""size"": 31, ""theta"": 0.31690806859942966}",-0.07808488607406616,negative
exp_025_mmr,247,329,anisotropic_gaussian,"{""sigma_x"": 2.077236114469008, ""sigma_y"": 2.729742114104931, ""size"": 31, ""theta"": 3.0360490911731985}",-0.11467470973730087,negative
exp_025_mmr,248,258,anisotropic_gaussian,"{""sigma_x"": 1.9853722228141468, ""sigma_y"": 3.0877554055110665, ""size"": 31, ""theta"": 0.4958838043204989}",-0.12393724173307419,negative
exp_025_mmr,249,108,gaussian,"{""sigma_x"": 3.254244343375455, ""sigma_y"": 3.254244343375455, ""size"": 31, ""theta"": 0.2644649310535137}",-0.06641026586294174,negative
exp_025_mmr,250,372,anisotropic_gaussian,"{""sigma_x"": 1.9437990977555613, ""sigma_y"": 3.5039046984913393, ""size"": 31, ""theta"": 2.151104208893088}",-0.15127652883529663,negative
exp_025_mmr,251,367,anisotropic_gaussian,"{""sigma_x"": 1.532858444554772, ""sigma_y"": 2.586798553097145, ""size"": 31, ""theta"": 2.8729938913541826}",-0.1934642344713211,negative
exp_025_mmr,252,1135,hog,"{""sigma"": 9.701564015464603, ""size"": 31, ""theta"": 0.4252601763822166}",0.059960778802633286,positive
exp_025_mmr,253,99,gaussian,"{""sigma_x"": 3.2096903220153314, ""sigma_y"": 3.2096903220153314, ""size"": 31, ""theta"": 3.071770019591162}",-0.11354021728038788,negative
exp_025_mmr,254,216,anisotropic_gaussian,"{""sigma_x"": 2.7849763762613566, ""sigma_y"": 2.348529451534773, ""size"": 31, ""theta"": 1.6515197208009602}",-0.09522127360105515,negative
exp_025_mmr,255,51,gaussian,"{""sigma_x"": 3.194986047188686, ""sigma_y"": 3.194986047188686, ""size"": 31, ""theta"": 2.084990904554987}",-0.05545099079608917,negative
exp_025_mmr,256,1174,hog,"{""sigma"": 10.559877614216626, ""size"": 31, ""theta"": 0.459739675129977}",0.08519244194030762,positive
exp_025_mmr,257,115,gaussian,"{""sigma_x"": 3.182476857920105, ""sigma_y"": 3.182476857920105, ""size"": 31, ""theta"": 2.4976047446127367}",-0.08998838812112808,negative
exp_025_mmr,258,77,gaussian,"{""sigma_x"": 2.825463416610908, ""sigma_y"": 2.825463416610908, ""size"": 31, ""theta"": 1.5679017013375578}",-0.08215519785881042,negative
exp_025_mmr,259,1147,hog,"{""sigma"": 13.52289113627344, ""size"": 31, ""theta"": 0.5308989178117987}",0.08103158324956894,positive
exp_025_mmr,260,281,anisotropic_gaussian,"{""sigma_x"": 1.8448093567771753, ""sigma_y"": 5.10655953235691, ""size"": 31, ""theta"": 1.251982691323958}",-0.11457744985818863,negative
exp_025_mmr,261,65,gaussian,"{""sigma_x"": 2.986141288158676, ""sigma_y"": 2.986141288158676, ""size"": 31, ""theta"": 0.46084404299500015}",-0.12792490422725677,negative
exp_025_mmr,262,175,gaussian,"{""sigma_x"": 2.899475612050379, ""sigma_y"": 2.899475612050379, ""size"": 31, ""theta"": 1.9513909887071974}",-0.14729805290699005,negative
exp_025_mmr,263,171,gaussian,"{""sigma_x"": 2.4655776591316427, ""sigma_y"": 2.4655776591316427, ""size"": 31, ""theta"": 2.3962523205663464}",-0.13268230855464935,negative
exp_025_mmr,264,113,gaussian,"{""sigma_x"": 2.649339070135155, ""sigma_y"": 2.649339070135155, ""size"": 31, ""theta"": 2.7271342598200268}",-0.08863653987646103,negative
exp_025_mmr,265,167,gaussian,"{""sigma_x"": 2.9301723572216365, ""sigma_y"": 2.9301723572216365, ""size"": 31, ""theta"": 2.833854270263697}",-0.05688387528061867,negative
exp_025_mmr,266,37,gaussian,"{""sigma_x"": 2.745112416283179, ""sigma_y"": 2.745112416283179, ""size"": 31, ""theta"": 2.263038702422826}",-0.08086983859539032,negative
exp_025_mmr,267,142,gaussian,"{""sigma_x"": 2.889539714886224, ""sigma_y"": 2.889539714886224, ""size"": 31, ""theta"": 2.7009354486889676}",-0.13129234313964844,negative
exp_025_mmr,268,35,gaussian,"{""sigma_x"": 2.2970940704898757, ""sigma_y"": 2.2970940704898757, ""size"": 31, ""theta"": 3.087321675442734}",-0.09571179747581482,negative
exp_025_mmr,269,189,gaussian,"{""sigma_x"": 2.323680051669577, ""sigma_y"": 2.323680051669577, ""size"": 31, ""theta"": 0.17873282281680847}",-0.10077685862779617,negative
exp_025_mmr,270,63,gaussian,"{""sigma_x"": 2.3020229996989197, ""sigma_y"": 2.3020229996989197, ""size"": 31, ""theta"": 0.14059316877606493}",-0.17430272698402405,negative
exp_025_mmr,271,70,gaussian,"{""sigma_x"": 2.281467836885537, ""sigma_y"": 2.281467836885537, ""size"": 31, ""theta"": 2.3907560199675735}",-0.140349879860878,negative
exp_025_mmr,272,346,anisotropic_gaussian,"{""sigma_x"": 2.2112299562312767, ""sigma_y"": 2.309855967902069, ""size"": 31, ""theta"": 0.09476278365118058}",-0.13505688309669495,negative
exp_025_mmr,273,103,gaussian,"{""sigma_x"": 2.799256547473657, ""sigma_y"": 2.799256547473657, ""size"": 31, ""theta"": 2.71214369755862}",-0.05992529168725014,negative
exp_025_mmr,274,118,gaussian,"{""sigma_x"": 2.3664114494080164, ""sigma_y"": 2.3664114494080164, ""size"": 31, ""theta"": 0.49980373392141747}",-0.0732927918434143,negative
exp_025_mmr,275,187,gaussian,"{""sigma_x"": 2.716000354213187, ""sigma_y"": 2.716000354213187, ""size"": 31, ""theta"": 2.76733772432584}",-0.16436514258384705,negative
exp_025_mmr,276,193,gaussian,"{""sigma_x"": 2.6594266892438165, ""sigma_y"": 2.6594266892438165, ""size"": 31, ""theta"": 1.0654118748174786}",-0.09160583466291428,negative
exp_025_mmr,277,21,gaussian,"{""sigma_x"": 2.1990551322691085, ""sigma_y"": 2.1990551322691085, ""size"": 31, ""theta"": 0.33993519775977615}",-0.08542631566524506,negative
exp_025_mmr,278,48,gaussian,"{""sigma_x"": 2.5388522614889117, ""sigma_y"": 2.5388522614889117, ""size"": 31, ""theta"": 2.4964650749760477}",-0.10176965594291687,negative
exp_025_mmr,279,177,gaussian,"{""sigma_x"": 2.453469329898499, ""sigma_y"": 2.453469329898499, ""size"": 31, ""theta"": 1.9555159213519122}",-0.07462488859891891,negative
exp_025_mmr,280,119,gaussian,"{""sigma_x"": 2.625654575929163, ""sigma_y"": 2.625654575929163, ""size"": 31, ""theta"": 1.8806562930025603}",-0.1701808124780655,negative
exp_025_mmr,281,191,gaussian,"{""sigma_x"": 2.4691343395192287, ""sigma_y"": 2.4691343395192287, ""size"": 31, ""theta"": 0.3380832598378538}",-0.1443607658147812,negative
exp_025_mmr,282,73,gaussian,"{""sigma_x"": 2.5174112885450324, ""sigma_y"": 2.5174112885450324, ""size"": 31, ""theta"": 2.4602752221677195}",-0.08011499792337418,negative
exp_025_mmr,283,199,gaussian,"{""sigma_x"": 2.5438868439747035, ""sigma_y"": 2.5438868439747035, ""size"": 31, ""theta"": 0.9652428817629857}",-0.1457214206457138,negative
exp_025_mmr,284,158,gaussian,"{""sigma_x"": 2.573592032128359, ""sigma_y"": 2.573592032128359, ""size"": 31, ""theta"": 1.8948281908559599}",-0.11269520968198776,negative
exp_025_mmr,285,95,gaussian,"{""sigma_x"": 2.593269469478111, ""sigma_y"": 2.593269469478111, ""size"": 31, ""theta"": 1.9122711131491406}",-0.15822547674179077,negative
exp_025_mmr,286,1138,hog,"{""sigma"": 7.708501445764791, ""size"": 31, ""theta"": 0.3039204332049071}",0.04487529769539833,positive
exp_025_mmr,287,1197,hog,"{""sigma"": 8.156283999512123, ""size"": 31, ""theta"": 2.724491335450721}",0.07768203318119049,positive
exp_025_mmr,288,219,anisotropic_gaussian,"{""sigma_x"": 3.4060399986108223, ""sigma_y"": 1.9043848117811413, ""size"": 31, ""theta"": 2.5471837156003403}",-0.09821882843971252,negative
exp_025_mmr,289,174,gaussian,"{""sigma_x"": 2.0708375704506388, ""sigma_y"": 2.0708375704506388, ""size"": 31, ""theta"": 1.7738236596187955}",-0.20163248479366302,negative
exp_025_mmr,290,395,anisotropic_gaussian,"{""sigma_x"": 1.2620758603583302, ""sigma_y"": 2.9092687283532377, ""size"": 31, ""theta"": 0.5602518862479314}",-0.19797462224960327,negative
exp_025_mmr,291,307,anisotropic_gaussian,"{""sigma_x"": 1.9078956288606619, ""sigma_y"": 2.7995241665426116, ""size"": 31, ""theta"": 1.565913039252269}",-0.1336725950241089,negative
exp_025_mmr,292,229,anisotropic_gaussian,"{""sigma_x"": 2.744429360251927, ""sigma_y"": 5.047999082850185, ""size"": 31, ""theta"": 1.7425998521236348}",-0.012190798297524452,negative
exp_025_mmr,293,3,gaussian,"{""sigma_x"": 2.012940366073939, ""sigma_y"": 2.012940366073939, ""size"": 31, ""theta"": 1.2463221632530135}",-0.16481946408748627,negative
exp_025_mmr,294,381,anisotropic_gaussian,"{""sigma_x"": 0.9264089500232143, ""sigma_y"": 2.7722916921802843, ""size"": 31, ""theta"": 0.23714101828243694}",-0.156066432595253,negative
exp_025_mmr,295,350,anisotropic_gaussian,"{""sigma_x"": 2.4148137169647996, ""sigma_y"": 1.7762659066831752, ""size"": 31, ""theta"": 0.11692528579176079}",-0.13044099509716034,negative
exp_025_mmr,296,266,anisotropic_gaussian,"{""sigma_x"": 3.8935938503593706, ""sigma_y"": 1.9671462995239737, ""size"": 31, ""theta"": 0.3505797479623061}",-0.06642460078001022,negative
exp_025_mmr,297,342,anisotropic_gaussian,"{""sigma_x"": 2.149166647478119, ""sigma_y"": 3.455420141260132, ""size"": 31, ""theta"": 1.1461872710734826}",-0.10826069861650467,negative
exp_025_mmr,298,1189,hog,"{""sigma"": 8.533019714559712, ""size"": 31, ""theta"": 0.4321560367767919}",0.08821121603250504,positive
exp_025_mmr,299,275,anisotropic_gaussian,"{""sigma_x"": 1.6459167462151159, ""sigma_y"": 2.9782187726445444, ""size"": 31, ""theta"": 1.3000818008219865}",-0.18246279656887054,negative
exp_025_mmr,300,300,anisotropic_gaussian,"{""sigma_x"": 1.9939324399575717, ""sigma_y"": 3.642175794458352, ""size"": 31, ""theta"": 1.2798072290522395}",-0.10263382643461227,negative
exp_029_abess,1,320,anisotropic_gaussian,"{""sigma_x"": 14.95092025209804, ""sigma_y"": 37.14163110924627, ""size"": 31, ""theta"": 2.5369010886179666}",0.36972537636756897,positive
exp_029_abess,2,889,gabor,"{""freq"": 0.2549181368958185, ""gamma"": 0.7359995784216546, ""phase"": 1.5776062972267162, ""sigma"": 12.113477958159374, ""size"": 31, ""theta"": 3.111868668650693}",0.3196965754032135,positive
exp_029_abess,3,372,anisotropic_gaussian,"{""sigma_x"": 11.561025310640586, ""sigma_y"": 7.902459277600471, ""size"": 31, ""theta"": 2.9395122466894916}",0.7197662591934204,positive
exp_030_abess,1,259,anisotropic_gaussian,"{""sigma_x"": 15.129417465689981, ""sigma_y"": 40.97294487763389, ""size"": 31, ""theta"": 2.7692620152702654}",0.40409743785858154,positive
exp_030_abess,2,350,anisotropic_gaussian,"{""sigma_x"": 15.312269559122923, ""sigma_y"": 44.00257903603598, ""size"": 31, ""theta"": 2.073473580703092}",0.68342524766922,positive
exp_030_abess,3,246,anisotropic_gaussian,"{""sigma_x"": 13.683772514047188, ""sigma_y"": 34.88415541434744, ""size"": 31, ""theta"": 2.4576225548504476}",0.37025123834609985,positive
exp_030_abess,4,294,anisotropic_gaussian,"{""sigma_x"": 14.402825950262534, ""sigma_y"": 31.963100092817868, ""size"": 31, ""theta"": 0.795487283398165}",0.20609335601329803,positive
exp_030_abess,5,916,gabor,"{""freq"": 0.26259519284849486, ""gamma"": 1.460117282955046, ""phase"": 4.5467674590909475, ""sigma"": 14.013275161985126, ""size"": 31, ""theta"": 3.08988883966246}",0.44898658990859985,positive
exp_031_abess,1,249,anisotropic_gaussian,"{""sigma_x"": 14.666867529026788, ""sigma_y"": 32.76748138554968, ""size"": 31, ""theta"": 2.45514131034224}",0.06505465507507324,positive
exp_031_abess,2,360,anisotropic_gaussian,"{""sigma_x"": 14.653933003386824, ""sigma_y"": 36.945832933066434, ""size"": 31, ""theta"": 2.2214298678618336}",0.07075545936822891,positive
exp_031_abess,3,247,anisotropic_gaussian,"{""sigma_x"": 13.770425819135866, ""sigma_y"": 40.930346046236664, ""size"": 31, ""theta"": 2.1703613287498387}",0.1352090686559677,positive
exp_031_abess,4,303,anisotropic_gaussian,"{""sigma_x"": 12.365832402816345, ""sigma_y"": 34.278330491541816, ""size"": 31, ""theta"": 2.8282097014966876}",0.008030449040234089,positive
exp_031_abess,5,267,anisotropic_gaussian,"{""sigma_x"": 11.788373587233814, ""sigma_y"": 32.932337091458514, ""size"": 31, ""theta"": 2.641626176848626}",0.03154999390244484,positive
exp_031_abess,6,250,anisotropic_gaussian,"{""sigma_x"": 10.891989291770162, ""sigma_y"": 26.67492359542907, ""size"": 31, ""theta"": 2.5875966645024504}",0.08036495000123978,positive
exp_031_abess,7,220,anisotropic_gaussian,"{""sigma_x"": 14.050151859366666, ""sigma_y"": 33.97187337086395, ""size"": 31, ""theta"": 1.584115575673103}",0.13343940675258636,positive
exp_031_abess,8,274,anisotropic_gaussian,"{""sigma_x"": 13.691119289866517, ""sigma_y"": 18.676005584478148, ""size"": 31, ""theta"": 2.1590290852345837}",0.07079967111349106,positive
exp_031_abess,9,308,anisotropic_gaussian,"{""sigma_x"": 12.228480460781268, ""sigma_y"": 34.3569913351124, ""size"": 31, ""theta"": 0.5109304959435126}",0.11147168278694153,positive
exp_031_abess,10,63,gaussian,"{""sigma_x"": 15.46269557870649, ""sigma_y"": 15.46269557870649, ""size"": 31, ""theta"": 1.370439761369397}",0.053393181413412094,positive
exp_031_abess,11,113,gaussian,"{""sigma_x"": 15.432904772946701, ""sigma_y"": 15.432904772946701, ""size"": 31, ""theta"": 0.5852970386018453}",0.035144999623298645,positive
exp_031_abess,12,7,gaussian,"{""sigma_x"": 15.242298819321753, ""sigma_y"": 15.242298819321753, ""size"": 31, ""theta"": 0.6164945255619326}",0.06837749481201172,positive
exp_031_abess,13,44,gaussian,"{""sigma_x"": 15.181252410354148, ""sigma_y"": 15.181252410354148, ""size"": 31, ""theta"": 0.63810503612525}",0.13332799077033997,positive
exp_031_abess,14,388,anisotropic_gaussian,"{""sigma_x"": 13.17256563915727, ""sigma_y"": 25.01020748028274, ""size"": 31, ""theta"": 1.173609026054881}",0.08169867098331451,positive
exp_031_abess,15,17,gaussian,"{""sigma_x"": 14.552987829544284, ""sigma_y"": 14.552987829544284, ""size"": 31, ""theta"": 2.219056559097171}",0.0599442794919014,positive
exp_031_abess,16,350,anisotropic_gaussian,"{""sigma_x"": 9.582786539833041, ""sigma_y"": 21.6466872463181, ""size"": 31, ""theta"": 2.8739054826367965}",0.05914159491658211,positive
exp_031_abess,17,1,gaussian,"{""sigma_x"": 14.456891351618493, ""sigma_y"": 14.456891351618493, ""size"": 31, ""theta"": 0.603204989290069}",0.09014599770307541,positive
exp_031_abess,18,85,gaussian,"{""sigma_x"": 14.31026895686948, ""sigma_y"": 14.31026895686948, ""size"": 31, ""theta"": 2.5015909787492605}",0.09910555928945541,positive
exp_031_abess,19,12,gaussian,"{""sigma_x"": 14.156749327237828, ""sigma_y"": 14.156749327237828, ""size"": 31, ""theta"": 0.08996203254840605}",0.13191784918308258,positive
exp_031_abess,20,383,anisotropic_gaussian,"{""sigma_x"": 12.666305220554033, ""sigma_y"": 21.008247634947132, ""size"": 31, ""theta"": 1.3610301817320842}",0.06572851538658142,positive
exp_031_abess,21,333,anisotropic_gaussian,"{""sigma_x"": 11.652845543531937, ""sigma_y"": 18.80217551350545, ""size"": 31, ""theta"": 1.982772509719602}",0.09240590780973434,positive
exp_031_abess,22,246,anisotropic_gaussian,"{""sigma_x"": 11.470394563313544, ""sigma_y"": 16.34275863760671, ""size"": 31, ""theta"": 2.3555580701114285}",0.06304392963647842,positive
exp_031_abess,23,204,anisotropic_gaussian,"{""sigma_x"": 10.50231269665413, ""sigma_y"": 19.074026465626787, ""size"": 31, ""theta"": 0.020058704329306738}",0.10381072759628296,positive
exp_031_abess,24,91,gaussian,"{""sigma_x"": 13.806518921852623, ""sigma_y"": 13.806518921852623, ""size"": 31, ""theta"": 1.8548886183361954}",0.13497108221054077,positive
exp_031_abess,25,324,anisotropic_gaussian,"{""sigma_x"": 12.779887595885906, ""sigma_y"": 17.354215636105604, ""size"": 31, ""theta"": 1.3361535478453648}",0.10057269036769867,positive
exp_031_abess,26,168,gaussian,"{""sigma_x"": 13.685555872281984, ""sigma_y"": 13.685555872281984, ""size"": 31, ""theta"": 0.8915181478444963}",0.06774497032165527,positive
exp_031_abess,27,251,anisotropic_gaussian,"{""sigma_x"": 13.319450213257387, ""sigma_y"": 14.801104842132522, ""size"": 31, ""theta"": 1.4061733748546568}",0.11439478397369385,positive
exp_031_abess,28,175,gaussian,"{""sigma_x"": 13.639573265052562, ""sigma_y"": 13.639573265052562, ""size"": 31, ""theta"": 2.0305288979468377}",0.08677825331687927,positive
exp_031_abess,29,135,gaussian,"{""sigma_x"": 13.497765372850134, ""sigma_y"": 13.497765372850134, ""size"": 31, ""theta"": 0.17226193591359457}",0.11500630527734756,positive
exp_031_abess,30,149,gaussian,"{""sigma_x"": 13.4762255758274, ""sigma_y"": 13.4762255758274, ""size"": 31, ""theta"": 1.0318992841546601}",0.00039832445327192545,positive
exp_031_abess,31,380,anisotropic_gaussian,"{""sigma_x"": 10.927333174142833, ""sigma_y"": 19.81195968930699, ""size"": 31, ""theta"": 0.43754955520928823}",0.06736724078655243,positive
exp_031_abess,32,117,gaussian,"{""sigma_x"": 13.371765927724915, ""sigma_y"": 13.371765927724915, ""size"": 31, ""theta"": 3.0070727867103426}",0.1326482594013214,positive
exp_031_abess,33,392,anisotropic_gaussian,"{""sigma_x"": 10.20639942092008, ""sigma_y"": 22.45755618345214, ""size"": 31, ""theta"": 0.4220125799667701}",0.0037693760823458433,positive
exp_031_abess,34,203,anisotropic_gaussian,"{""sigma_x"": 10.884052400023316, ""sigma_y"": 15.311804660537398, ""size"": 31, ""theta"": 2.2986152777276336}",0.030384229496121407,positive
exp_031_abess,35,67,gaussian,"{""sigma_x"": 12.947313619496564, ""sigma_y"": 12.947313619496564, ""size"": 31, ""theta"": 0.3555446838251625}",0.1174721047282219,positive
exp_031_abess,36,18,gaussian,"{""sigma_x"": 12.80075336788086, ""sigma_y"": 12.80075336788086, ""size"": 31, ""theta"": 0.572200668008994}",0.07714241743087769,positive
exp_031_abess,37,52,gaussian,"{""sigma_x"": 12.694124803015988, ""sigma_y"": 12.694124803015988, ""size"": 31, ""theta"": 1.2853530406994373}",0.013455868698656559,positive
exp_031_abess,38,163,gaussian,"{""sigma_x"": 12.567443904959106, ""sigma_y"": 12.567443904959106, ""size"": 31, ""theta"": 0.23535868410534377}",0.05599750205874443,positive
exp_031_abess,39,121,gaussian,"{""sigma_x"": 12.505573539241057, ""sigma_y"": 12.505573539241057, ""size"": 31, ""theta"": 1.2072146216218516}",0.005732148420065641,positive
exp_031_abess,40,238,anisotropic_gaussian,"{""sigma_x"": 7.84481813690986, ""sigma_y"": 20.571094295062753, ""size"": 31, ""theta"": 3.0470612685519565}",0.07829216122627258,positive
exp_031_abess,41,16,gaussian,"{""sigma_x"": 12.205084714995449, ""sigma_y"": 12.205084714995449, ""size"": 31, ""theta"": 0.9273875854638272}",0.12274977564811707,positive
exp_031_abess,42,165,gaussian,"{""sigma_x"": 11.791699139364443, ""sigma_y"": 11.791699139364443, ""size"": 31, ""theta"": 0.061682349734627835}",0.055696770548820496,positive
exp_031_abess,43,218,anisotropic_gaussian,"{""sigma_x"": 9.632191966627191, ""sigma_y"": 14.129400934893123, ""size"": 31, ""theta"": 0.19811267548957914}",0.08054862916469574,positive
exp_031_abess,44,143,gaussian,"{""sigma_x"": 11.672514351284704, ""sigma_y"": 11.672514351284704, ""size"": 31, ""theta"": 2.0681263051566936}",-0.012245739810168743,negative
exp_031_abess,45,69,gaussian,"{""sigma_x"": 11.593093817067896, ""sigma_y"": 11.593093817067896, ""size"": 31, ""theta"": 0.38931363090042137}",0.0996067076921463,positive
exp_031_abess,46,362,anisotropic_gaussian,"{""sigma_x"": 11.362052068556654, ""sigma_y"": 11.631336495516253, ""size"": 31, ""theta"": 2.238040035699129}",0.0038022580556571484,positive
exp_031_abess,47,71,gaussian,"{""sigma_x"": 11.387650718836456, ""sigma_y"": 11.387650718836456, ""size"": 31, ""theta"": 1.000157706525682}",0.015166720375418663,positive
exp_031_abess,48,291,anisotropic_gaussian,"{""sigma_x"": 10.366909008703379, ""sigma_y"": 11.950886014308136, ""size"": 31, ""theta"": 0.13383560866686386}",0.029786597937345505,positive
exp_031_abess,49,265,anisotropic_gaussian,"{""sigma_x"": 10.977447430102709, ""sigma_y"": 11.604927968754899, ""size"": 31, ""theta"": 1.6254810976959984}",-0.011406234465539455,negative
exp_031_abess,50,152,gaussian,"{""sigma_x"": 11.082081601994146, ""sigma_y"": 11.082081601994146, ""size"": 31, ""theta"": 0.42956691347187986}",0.08663835376501083,positive
exp_031_abess,51,119,gaussian,"{""sigma_x"": 11.071847036442234, ""sigma_y"": 11.071847036442234, ""size"": 31, ""theta"": 1.5686207582064873}",0.10819003731012344,positive
exp_031_abess,52,253,anisotropic_gaussian,"{""sigma_x"": 8.99071680482651, ""sigma_y"": 21.061236806010484, ""size"": 31, ""theta"": 0.975410987556382}",0.1202067881822586,positive
exp_031_abess,53,93,gaussian,"{""sigma_x"": 10.670743234624764, ""sigma_y"": 10.670743234624764, ""size"": 31, ""theta"": 1.143931181441898}",-0.01831824891269207,negative
exp_031_abess,54,83,gaussian,"{""sigma_x"": 10.642369687978471, ""sigma_y"": 10.642369687978471, ""size"": 31, ""theta"": 3.044423343085448}",0.11345106363296509,positive
exp_031_abess,55,201,anisotropic_gaussian,"{""sigma_x"": 8.654983984335656, ""sigma_y"": 23.913062519441556, ""size"": 31, ""theta"": 1.3556924980036567}",0.08019506186246872,positive
exp_031_abess,56,166,gaussian,"{""sigma_x"": 10.342221503835471, ""sigma_y"": 10.342221503835471, ""size"": 31, ""theta"": 0.04101435832960672}",0.0890640988945961,positive
exp_031_abess,57,270,anisotropic_gaussian,"{""sigma_x"": 8.286713791087603, ""sigma_y"": 24.540512721074652, ""size"": 31, ""theta"": 1.018093231594614}",0.07996197789907455,positive
exp_031_abess,58,338,anisotropic_gaussian,"{""sigma_x"": 10.57149306617568, ""sigma_y"": 9.454658519185998, ""size"": 31, ""theta"": 1.4647528500513083}",0.025158647447824478,positive
exp_031_abess,59,242,anisotropic_gaussian,"{""sigma_x"": 10.024187112385777, ""sigma_y"": 10.629368845196273, ""size"": 31, ""theta"": 0.7781758882015248}",0.005395147949457169,positive
exp_031_abess,60,328,anisotropic_gaussian,"{""sigma_x"": 11.034037410062561, ""sigma_y"": 8.533931032167404, ""size"": 31, ""theta"": 1.338000579315627}",-0.0017274002311751246,negative
exp_031_abess,61,371,anisotropic_gaussian,"{""sigma_x"": 10.515909447533787, ""sigma_y"": 9.22468067220318, ""size"": 31, ""theta"": 1.028574115581615}",0.08604257553815842,positive
exp_031_abess,62,353,anisotropic_gaussian,"{""sigma_x"": 7.968834285747095, ""sigma_y"": 21.16933917996344, ""size"": 31, ""theta"": 0.88982185331961}",0.0782618299126625,positive
exp_031_abess,63,300,anisotropic_gaussian,"{""sigma_x"": 7.5727797884387, ""sigma_y"": 16.459985708441984, ""size"": 31, ""theta"": 1.9779897463819935}",0.10189357399940491,positive
exp_031_abess,64,72,gaussian,"{""sigma_x"": 9.96256974139855, ""sigma_y"": 9.96256974139855, ""size"": 31, ""theta"": 1.0879865210404065}",-0.009984302334487438,negative
exp_031_abess,65,73,gaussian,"{""sigma_x"": 9.963271707613817, ""sigma_y"": 9.963271707613817, ""size"": 31, ""theta"": 0.728776675532689}",0.09686276316642761,positive
exp_031_abess,66,217,anisotropic_gaussian,"{""sigma_x"": 7.633686561648262, ""sigma_y"": 18.904491879839256, ""size"": 31, ""theta"": 1.854102075629126}",-0.0028724384028464556,negative
exp_031_abess,67,199,gaussian,"{""sigma_x"": 9.730669272917014, ""sigma_y"": 9.730669272917014, ""size"": 31, ""theta"": 2.8142427378970925}",0.06485199928283691,positive
exp_031_abess,68,53,gaussian,"{""sigma_x"": 9.671619616229977, ""sigma_y"": 9.671619616229977, ""size"": 31, ""theta"": 1.3421896830750912}",0.05115567147731781,positive
exp_031_abess,69,379,anisotropic_gaussian,"{""sigma_x"": 12.091926885310782, ""sigma_y"": 8.343619803117722, ""size"": 31, ""theta"": 2.24536269066964}",-0.004301570821553469,negative
exp_031_abess,70,316,anisotropic_gaussian,"{""sigma_x"": 8.387686754059759, ""sigma_y"": 10.28800420759594, ""size"": 31, ""theta"": 2.8093311303141513}",0.06813743710517883,positive
exp_031_abess,71,126,gaussian,"{""sigma_x"": 9.626775537422928, ""sigma_y"": 9.626775537422928, ""size"": 31, ""theta"": 1.006290969864892}",-0.027674108743667603,negative
exp_031_abess,72,21,gaussian,"{""sigma_x"": 9.442481932095745, ""sigma_y"": 9.442481932095745, ""size"": 31, ""theta"": 3.1313678031708254}",0.09418321400880814,positive
exp_031_abess,73,151,gaussian,"{""sigma_x"": 9.42885008254187, ""sigma_y"": 9.42885008254187, ""size"": 31, ""theta"": 1.084630564770794}",0.08733313530683517,positive
exp_031_abess,74,281,anisotropic_gaussian,"{""sigma_x"": 7.085525847281454, ""sigma_y"": 10.724055463715263, ""size"": 31, ""theta"": 2.910030499953423}",-0.020615922287106514,negative
exp_031_abess,75,89,gaussian,"{""sigma_x"": 9.309851402636678, ""sigma_y"": 9.309851402636678, ""size"": 31, ""theta"": 0.11932992726980289}",0.07390951365232468,positive
exp_031_abess,76,255,anisotropic_gaussian,"{""sigma_x"": 5.341884542900113, ""sigma_y"": 11.348822455643894, ""size"": 31, ""theta"": 2.826600000444005}",0.03259361535310745,positive
exp_031_abess,77,219,anisotropic_gaussian,"{""sigma_x"": 12.722113931107176, ""sigma_y"": 6.797797089613933, ""size"": 31, ""theta"": 2.052505664624716}",0.04651808738708496,positive
exp_031_abess,78,116,gaussian,"{""sigma_x"": 9.016143732961863, ""sigma_y"": 9.016143732961863, ""size"": 31, ""theta"": 1.113814304467513}",-0.028363902121782303,negative
exp_031_abess,79,216,anisotropic_gaussian,"{""sigma_x"": 6.7297294447450176, ""sigma_y"": 11.519295498579996, ""size"": 31, ""theta"": 0.30203421104483985}",0.05831465125083923,positive
exp_031_abess,80,48,gaussian,"{""sigma_x"": 9.00575851484596, ""sigma_y"": 9.00575851484596, ""size"": 31, ""theta"": 0.8838912165772692}",0.08451380580663681,positive
exp_031_abess,81,233,anisotropic_gaussian,"{""sigma_x"": 7.443946177179593, ""sigma_y"": 17.399227747282175, ""size"": 31, ""theta"": 1.1734451513553923}",0.08606161177158356,positive
exp_031_abess,82,147,gaussian,"{""sigma_x"": 8.89395659922972, ""sigma_y"": 8.89395659922972, ""size"": 31, ""theta"": 1.260924193398355}",-0.007392703089863062,negative
exp_031_abess,83,177,gaussian,"{""sigma_x"": 8.765709673297694, ""sigma_y"": 8.765709673297694, ""size"": 31, ""theta"": 1.9147349950412127}",0.07735790312290192,positive
exp_031_abess,84,229,anisotropic_gaussian,"{""sigma_x"": 7.918706245321003, ""sigma_y"": 9.135155821717518, ""size"": 31, ""theta"": 3.0578807693822103}",0.03676566481590271,positive
exp_031_abess,85,213,anisotropic_gaussian,"{""sigma_x"": 5.488590964666465, ""sigma_y"": 10.360307102433005, ""size"": 31, ""theta"": 0.014039406705461962}",-0.0512697733938694,negative
exp_031_abess,86,252,anisotropic_gaussian,"{""sigma_x"": 4.382726384542543, ""sigma_y"": 11.654149657990429, ""size"": 31, ""theta"": 2.621414821816531}",0.0254563856869936,positive
exp_031_abess,87,68,gaussian,"{""sigma_x"": 8.544703831796113, ""sigma_y"": 8.544703831796113, ""size"": 31, ""theta"": 0.2612936780186129}",0.027425596490502357,positive
exp_031_abess,88,385,anisotropic_gaussian,"{""sigma_x"": 4.699668868871168, ""sigma_y"": 10.553011049504427, ""size"": 31, ""theta"": 0.028583337506158924}",-0.008370433934032917,negative
exp_031_abess,89,268,anisotropic_gaussian,"{""sigma_x"": 8.104196258623617, ""sigma_y"": 9.536452296838764, ""size"": 31, ""theta"": 1.5626759217351713}",-0.012953680008649826,negative
exp_031_abess,90,288,anisotropic_gaussian,"{""sigma_x"": 9.670122743876977, ""sigma_y"": 7.711055650975446, ""size"": 31, ""theta"": 2.2777542856552517}",0.07093594968318939,positive
exp_031_abess,91,118,gaussian,"{""sigma_x"": 8.306701874994541, ""sigma_y"": 8.306701874994541, ""size"": 31, ""theta"": 2.347447054034291}",-0.05070541054010391,negative
exp_031_abess,92,344,anisotropic_gaussian,"{""sigma_x"": 5.31061333077646, ""sigma_y"": 9.636589648528497, ""size"": 31, ""theta"": 0.0682369611741189}",-0.06798567622900009,negative
exp_031_abess,93,313,anisotropic_gaussian,"{""sigma_x"": 4.716313968662145, ""sigma_y"": 9.404035112758725, ""size"": 31, ""theta"": 3.0081435234229397}",-0.009059345349669456,negative
exp_031_abess,94,248,anisotropic_gaussian,"{""sigma_x"": 5.017855436200637, ""sigma_y"": 9.229807762665944, ""size"": 31, ""theta"": 0.008525402388068771}",0.050363823771476746,positive
exp_031_abess,95,237,anisotropic_gaussian,"{""sigma_x"": 5.854048756305471, ""sigma_y"": 14.923603211553466, ""size"": 31, ""theta"": 2.0041333250286057}",0.024234769865870476,positive
exp_031_abess,96,396,anisotropic_gaussian,"{""sigma_x"": 6.532688585628034, ""sigma_y"": 10.104168600951438, ""size"": 31, ""theta"": 0.6200319095777811}",0.07833639532327652,positive
exp_031_abess,97,211,anisotropic_gaussian,"{""sigma_x"": 4.999551747382386, ""sigma_y"": 11.22859302310781, ""size"": 31, ""theta"": 0.4297298772299027}",-0.023513060063123703,negative
exp_031_abess,98,106,gaussian,"{""sigma_x"": 8.036615215174574, ""sigma_y"": 8.036615215174574, ""size"": 31, ""theta"": 0.3333402611547556}",0.054831113666296005,positive
exp_031_abess,99,314,anisotropic_gaussian,"{""sigma_x"": 4.766958469192979, ""sigma_y"": 13.29652518825753, ""size"": 31, ""theta"": 0.5605305600129374}",0.016907479614019394,positive
exp_031_abess,100,346,anisotropic_gaussian,"{""sigma_x"": 7.4745228037685205, ""sigma_y"": 8.367182177436534, ""size"": 31, ""theta"": 2.114555223530003}",0.032252222299575806,positive
exp_031_abess,101,382,anisotropic_gaussian,"{""sigma_x"": 4.643066051300775, ""sigma_y"": 9.396121983008479, ""size"": 31, ""theta"": 2.639084092003775}",0.0221268218010664,positive
exp_031_abess,102,200,anisotropic_gaussian,"{""sigma_x"": 5.643296345851612, ""sigma_y"": 13.232527566475058, ""size"": 31, ""theta"": 0.8302736204224097}",-0.012191791087388992,negative
exp_031_abess,103,397,anisotropic_gaussian,"{""sigma_x"": 4.395771170685069, ""sigma_y"": 10.066680787948933, ""size"": 31, ""theta"": 0.3117522932692313}",0.001913880230858922,positive
exp_031_abess,104,169,gaussian,"{""sigma_x"": 7.811083939150413, ""sigma_y"": 7.811083939150413, ""size"": 31, ""theta"": 1.1430506694637153}",-0.012983613647520542,negative
exp_031_abess,105,310,anisotropic_gaussian,"{""sigma_x"": 4.502217222890148, ""sigma_y"": 10.476853576284796, ""size"": 31, ""theta"": 2.45278997661053}",-0.04157767817378044,negative
exp_031_abess,106,223,anisotropic_gaussian,"{""sigma_x"": 6.075068595768801, ""sigma_y"": 10.761599593247432, ""size"": 31, ""theta"": 0.7688360794364871}",-0.0023858235217630863,negative
exp_031_abess,107,398,anisotropic_gaussian,"{""sigma_x"": 7.271947694692568, ""sigma_y"": 8.921077156160456, ""size"": 31, ""theta"": 1.2436945280663798}",0.047824278473854065,positive
exp_031_abess,108,221,anisotropic_gaussian,"{""sigma_x"": 4.614446471297871, ""sigma_y"": 9.126165096465172, ""size"": 31, ""theta"": 2.5855824810567043}",0.028310969471931458,positive
exp_031_abess,109,351,anisotropic_gaussian,"{""sigma_x"": 3.9784125792513603, ""sigma_y"": 8.775405647864396, ""size"": 31, ""theta"": 0.12085031406949856}",-0.05056985095143318,negative
exp_031_abess,110,74,gaussian,"{""sigma_x"": 7.501229288775791, ""sigma_y"": 7.501229288775791, ""size"": 31, ""theta"": 2.5104366567477245}",-0.021139634773135185,negative
exp_031_abess,111,321,anisotropic_gaussian,"{""sigma_x"": 5.1916789229524944, ""sigma_y"": 11.990297185344156, ""size"": 31, ""theta"": 0.7875248260178802}",0.017707113176584244,positive
exp_031_abess,112,356,anisotropic_gaussian,"{""sigma_x"": 5.504360516521965, ""sigma_y"": 10.233949565786677, ""size"": 31, ""theta"": 0.695962239542006}",0.046783655881881714,positive
exp_031_abess,113,298,anisotropic_gaussian,"{""sigma_x"": 7.201587444091377, ""sigma_y"": 7.928135792235361, ""size"": 31, ""theta"": 1.4472404111586985}",-0.033100731670856476,negative
exp_031_abess,114,372,anisotropic_gaussian,"{""sigma_x"": 5.2768600559402765, ""sigma_y"": 8.09517831332315, ""size"": 31, ""theta"": 2.7040912725252095}",-0.08005479723215103,negative
exp_031_abess,115,342,anisotropic_gaussian,"{""sigma_x"": 5.053675854258221, ""sigma_y"": 10.691261293642732, ""size"": 31, ""theta"": 0.6979683401157843}",0.017056060954928398,positive
exp_031_abess,116,394,anisotropic_gaussian,"{""sigma_x"": 9.644459632091289, ""sigma_y"": 5.26157708091883, ""size"": 31, ""theta"": 2.1848603988132163}",-0.014048704877495766,negative
exp_031_abess,117,2,gaussian,"{""sigma_x"": 7.176524238676733, ""sigma_y"": 7.176524238676733, ""size"": 31, ""theta"": 1.5084621638161906}",-0.05371405929327011,negative
exp_031_abess,118,293,anisotropic_gaussian,"{""sigma_x"": 4.471618512097864, ""sigma_y"": 9.802192833478616, ""size"": 31, ""theta"": 0.5607376712502653}",-0.07580064982175827,negative
exp_031_abess,119,215,anisotropic_gaussian,"{""sigma_x"": 4.0398470272875935, ""sigma_y"": 7.730800491028131, ""size"": 31, ""theta"": 2.870231149221914}",-0.003135086502879858,negative
exp_031_abess,120,132,gaussian,"{""sigma_x"": 7.093728666776588, ""sigma_y"": 7.093728666776588, ""size"": 31, ""theta"": 0.6816714263995258}",-0.06687074899673462,negative
exp_031_abess,121,345,anisotropic_gaussian,"{""sigma_x"": 5.562176860290126, ""sigma_y"": 15.410875626430943, ""size"": 31, ""theta"": 1.1380558603796234}",0.0431310199201107,positive
exp_031_abess,122,275,anisotropic_gaussian,"{""sigma_x"": 7.228732624743834, ""sigma_y"": 6.577309998596605, ""size"": 31, ""theta"": 1.296044578051201}",-0.04656257852911949,negative
exp_031_abess,123,309,anisotropic_gaussian,"{""sigma_x"": 6.111159490199324, ""sigma_y"": 7.7884761658090715, ""size"": 31, ""theta"": 0.5325381623802082}",-0.05597851425409317,negative
exp_031_abess,124,224,anisotropic_gaussian,"{""sigma_x"": 4.97537057160666, ""sigma_y"": 14.464072040562161, ""size"": 31, ""theta"": 0.9691176211897322}",0.027960795909166336,positive
exp_031_abess,125,6,gaussian,"{""sigma_x"": 6.960448463714403, ""sigma_y"": 6.960448463714403, ""size"": 31, ""theta"": 0.8000564272466052}",-0.059203293174505234,negative
exp_031_abess,126,305,anisotropic_gaussian,"{""sigma_x"": 3.871417320266666, ""sigma_y"": 10.320987106243802, ""size"": 31, ""theta"": 0.6207469716835272}",-0.01507408544421196,negative
exp_031_abess,127,317,anisotropic_gaussian,"{""sigma_x"": 2.855918078508614, ""sigma_y"": 7.770983034968097, ""size"": 31, ""theta"": 0.06302777819496123}",-0.1306626796722412,negative
exp_031_abess,128,1083,hog,"{""sigma"": 15.191212199327811, ""size"": 31, ""theta"": 0.050930316126543355}",0.0539749339222908,positive
exp_031_abess,129,1155,hog,"{""sigma"": 14.398047834149285, ""size"": 31, ""theta"": 3.140168527178645}",0.035554397851228714,positive
exp_031_abess,130,1179,hog,"{""sigma"": 14.686662047550259, ""size"": 31, ""theta"": 3.061929894775114}",0.08767680823802948,positive
exp_031_abess,131,1061,hog,"{""sigma"": 14.005950747879615, ""size"": 31, ""theta"": 3.119688153884553}",0.043524425476789474,positive
exp_031_abess,132,364,anisotropic_gaussian,"{""sigma_x"": 4.247330804750821, ""sigma_y"": 6.841696824708891, ""size"": 31, ""theta"": 2.895217628434332}",-0.12838152050971985,negative
exp_031_abess,133,312,anisotropic_gaussian,"{""sigma_x"": 2.9829012926909364, ""sigma_y"": 7.056794173806488, ""size"": 31, ""theta"": 0.027720473711899254}",-0.06276560574769974,negative
exp_031_abess,134,1052,hog,"{""sigma"": 12.915639079640927, ""size"": 31, ""theta"": 0.028289339858074945}",0.04606875777244568,positive
exp_031_abess,135,159,gaussian,"{""sigma_x"": 6.401525543383624, ""sigma_y"": 6.401525543383624, ""size"": 31, ""theta"": 0.03708549984006869}",-0.006993361283093691,negative
exp_031_abess,136,284,anisotropic_gaussian,"{""sigma_x"": 4.746447199343323, ""sigma_y"": 13.79233636479309, ""size"": 31, ""theta"": 1.8726051822355922}",-0.06081293895840645,negative
exp_031_abess,137,1173,hog,"{""sigma"": 14.182642273178946, ""size"": 31, ""theta"": 0.13818825261778175}",0.046523015946149826,positive
exp_031_abess,138,358,anisotropic_gaussian,"{""sigma_x"": 2.6294166920940834, ""sigma_y"": 7.410358892450053, ""size"": 31, ""theta"": 0.21729914666542446}",-0.1273259073495865,negative
exp_031_abess,139,58,gaussian,"{""sigma_x"": 6.347883485635741, ""sigma_y"": 6.347883485635741, ""size"": 31, ""theta"": 0.9707328639059363}",-0.04982544854283333,negative
exp_031_abess,140,1100,hog,"{""sigma"": 12.294417615562033, ""size"": 31, ""theta"": 3.1062950188134417}",0.016225477680563927,positive
exp_031_abess,141,162,gaussian,"{""sigma_x"": 6.251074726807592, ""sigma_y"": 6.251074726807592, ""size"": 31, ""theta"": 3.038779713246452}",0.03459827974438667,positive
exp_031_abess,142,225,anisotropic_gaussian,"{""sigma_x"": 4.932260442119342, ""sigma_y"": 7.991819115441978, ""size"": 31, ""theta"": 2.170831441514955}",0.023243362084031105,positive
exp_031_abess,143,323,anisotropic_gaussian,"{""sigma_x"": 5.912501591968488, ""sigma_y"": 6.577463777945385, ""size"": 31, ""theta"": 0.8989761279521418}",-0.0748026892542839,negative
exp_031_abess,144,100,gaussian,"{""sigma_x"": 6.082648012931057, ""sigma_y"": 6.082648012931057, ""size"": 31, ""theta"": 2.9037271826764925}",-0.06463252753019333,negative
exp_031_abess,145,276,anisotropic_gaussian,"{""sigma_x"": 7.076119381723083, ""sigma_y"": 5.8571385311401105, ""size"": 31, ""theta"": 2.8662848936147176}",0.031257010996341705,positive
exp_031_abess,146,319,anisotropic_gaussian,"{""sigma_x"": 3.0990765155897613, ""sigma_y"": 7.065867129215221, ""size"": 31, ""theta"": 2.6471476784885244}",-0.12305007129907608,negative
exp_031_abess,147,1109,hog,"{""sigma"": 11.166901508584457, ""size"": 31, ""theta"": 0.029177369219481816}",0.020253900438547134,positive
exp_031_abess,148,1085,hog,"{""sigma"": 11.122364826168162, ""size"": 31, ""theta"": 0.04179103866426814}",0.06403827667236328,positive
exp_031_abess,149,9,gaussian,"{""sigma_x"": 5.86431277324197, ""sigma_y"": 5.86431277324197, ""size"": 31, ""theta"": 2.296905125465959}",-0.1093263030052185,negative
exp_031_abess,150,395,anisotropic_gaussian,"{""sigma_x"": 5.5776738574275475, ""sigma_y"": 7.207778369964643, ""size"": 31, ""theta"": 1.1813088950327353}",0.022391727194190025,positive
exp_031_abess,151,40,gaussian,"{""sigma_x"": 5.738082367313458, ""sigma_y"": 5.738082367313458, ""size"": 31, ""theta"": 1.7511293229073672}",-0.08653287589550018,negative
exp_031_abess,152,1031,hog,"{""sigma"": 10.454700986839264, ""size"": 31, ""theta"": 3.135209959883232}",0.10090984404087067,positive
exp_031_abess,153,1127,hog,"{""sigma"": 12.042310807553333, ""size"": 31, ""theta"": 2.9251362690716016}",0.0805148258805275,positive
exp_031_abess,154,235,anisotropic_gaussian,"{""sigma_x"": 7.133291318178105, ""sigma_y"": 5.332783763278635, ""size"": 31, ""theta"": 2.795761091778808}",0.023874696344137192,positive
exp_031_abess,155,1181,hog,"{""sigma"": 14.302983913278783, ""size"": 31, ""theta"": 2.8577519706564614}",-0.026941632851958275,negative
exp_031_abess,156,124,gaussian,"{""sigma_x"": 5.5582723519402215, ""sigma_y"": 5.5582723519402215, ""size"": 31, ""theta"": 1.3664213531676623}",-0.07736892253160477,negative
exp_031_abess,157,359,anisotropic_gaussian,"{""sigma_x"": 3.128701588514427, ""sigma_y"": 6.639475568521612, ""size"": 31, ""theta"": 2.59352567692999}",-0.14528298377990723,negative
exp_031_abess,158,1138,hog,"{""sigma"": 11.163091109904139, ""size"": 31, ""theta"": 0.15593159922244007}",-0.030584927648305893,negative
exp_031_abess,159,198,gaussian,"{""sigma_x"": 5.519983886351721, ""sigma_y"": 5.519983886351721, ""size"": 31, ""theta"": 3.1048835520195035}",0.004675542935729027,positive
exp_031_abess,160,1044,hog,"{""sigma"": 9.779194833420078, ""size"": 31, ""theta"": 4.4587760273625636e-05}",0.03373561054468155,positive
exp_031_abess,161,286,anisotropic_gaussian,"{""sigma_x"": 5.338284930855335, ""sigma_y"": 6.0397888569860925, ""size"": 31, ""theta"": 1.108315567477052}",-0.10367412865161896,negative
exp_031_abess,162,1103,hog,"{""sigma"": 9.560133587064055, ""size"": 31, ""theta"": 3.1160499838240647}",-0.014224718324840069,negative
exp_031_abess,163,66,gaussian,"{""sigma_x"": 5.383297504738419, ""sigma_y"": 5.383297504738419, ""size"": 31, ""theta"": 1.21405761117755}",-0.0799604132771492,negative
exp_031_abess,164,378,anisotropic_gaussian,"{""sigma_x"": 2.833267905246204, ""sigma_y"": 7.688247831009912, ""size"": 31, ""theta"": 2.3446870989088326}",-0.10677997767925262,negative
exp_031_abess,165,158,gaussian,"{""sigma_x"": 5.269414694056195, ""sigma_y"": 5.269414694056195, ""size"": 31, ""theta"": 0.08105207693101543}",-0.0724390521645546,negative
exp_031_abess,166,142,gaussian,"{""sigma_x"": 5.255801521049293, ""sigma_y"": 5.255801521049293, ""size"": 31, ""theta"": 0.7774980968854763}",-0.062063369899988174,negative
exp_031_abess,167,1038,hog,"{""sigma"": 11.854221685671021, ""size"": 31, ""theta"": 2.860880111440963}",0.020615065470337868,positive
exp_031_abess,168,33,gaussian,"{""sigma_x"": 5.150116903491188, ""sigma_y"": 5.150116903491188, ""size"": 31, ""theta"": 1.4297511369627045}",-0.09999196976423264,negative
exp_031_abess,169,1178,hog,"{""sigma"": 10.241535737729093, ""size"": 31, ""theta"": 2.927083045168837}",0.022848065942525864,positive
exp_031_abess,170,176,gaussian,"{""sigma_x"": 5.072128040529986, ""sigma_y"": 5.072128040529986, ""size"": 31, ""theta"": 0.2509819219644453}",-0.05604880303144455,negative
exp_031_abess,171,207,anisotropic_gaussian,"{""sigma_x"": 5.188821817206454, ""sigma_y"": 4.172735977265413, ""size"": 31, ""theta"": 1.4807933263931807}",-0.10729338973760605,negative
exp_031_abess,172,1116,hog,"{""sigma"": 13.440359380149514, ""size"": 31, ""theta"": 0.29772569380390634}",-0.02109084092080593,negative
exp_031_abess,173,125,gaussian,"{""sigma_x"": 4.913529753569246, ""sigma_y"": 4.913529753569246, ""size"": 31, ""theta"": 2.498240537151534}",-0.03440446779131889,negative
exp_031_abess,174,208,anisotropic_gaussian,"{""sigma_x"": 7.602897751974731, ""sigma_y"": 4.46418205929706, ""size"": 31, ""theta"": 2.9792783548111723}",-0.07801128923892975,negative
exp_031_abess,175,178,gaussian,"{""sigma_x"": 4.832998796359515, ""sigma_y"": 4.832998796359515, ""size"": 31, ""theta"": 0.02957985358980331}",-0.14465026557445526,negative
exp_031_abess,176,62,gaussian,"{""sigma_x"": 4.811163338244386, ""sigma_y"": 4.811163338244386, ""size"": 31, ""theta"": 1.7210712377375537}",-0.027374299243092537,negative
exp_031_abess,177,1000,hog,"{""sigma"": 8.718104310010236, ""size"": 31, ""theta"": 0.03256030133013396}",0.020125022158026695,positive
exp_031_abess,178,15,gaussian,"{""sigma_x"": 4.757933476153533, ""sigma_y"": 4.757933476153533, ""size"": 31, ""theta"": 0.6007879144328381}",-0.0793428048491478,negative
exp_031_abess,179,373,anisotropic_gaussian,"{""sigma_x"": 4.2846293853249735, ""sigma_y"": 7.624608867293642, ""size"": 31, ""theta"": 1.3388272269314467}",-0.11315421760082245,negative
exp_031_abess,180,881,gabor,"{""freq"": 0.4127432218887231, ""gamma"": 1.151083628851911, ""phase"": 0.18949655664621443, ""sigma"": 14.950169608751308, ""size"": 31, ""theta"": 0.010919882474748604}",0.023769861087203026,positive
exp_031_abess,181,1022,hog,"{""sigma"": 14.078539883038985, ""size"": 31, ""theta"": 2.7552045178252387}",0.07591767609119415,positive
exp_031_abess,182,1029,hog,"{""sigma"": 12.475653093719206, ""size"": 31, ""theta"": 2.7685781844765662}",-0.020033858716487885,negative
exp_031_abess,183,1069,hog,"{""sigma"": 11.830367829279314, ""size"": 31, ""theta"": 2.757452372400544}",-0.003387865610420704,negative
exp_031_abess,184,1117,hog,"{""sigma"": 8.6050266370578, ""size"": 31, ""theta"": 2.8795519319393557}",-0.0034036608412861824,negative
exp_031_abess,185,1094,hog,"{""sigma"": 10.130775962027666, ""size"": 31, ""theta"": 2.7805115410123884}",-0.050671473145484924,negative
exp_031_abess,186,1068,hog,"{""sigma"": 7.455463605161158, ""size"": 31, ""theta"": 0.007055486199128425}",0.06756878644227982,positive
exp_031_abess,187,1092,hog,"{""sigma"": 7.662673480190847, ""size"": 31, ""theta"": 0.13180333439345449}",0.04301030933856964,positive
exp_031_abess,188,1039,hog,"{""sigma"": 11.527286607519104, ""size"": 31, ""theta"": 0.4058313003658916}",-0.05804472044110298,negative
exp_031_abess,189,1056,hog,"{""sigma"": 15.221479005701912, ""size"": 31, ""theta"": 0.4648787263526071}",-0.013138779439032078,negative
exp_031_abess,190,1136,hog,"{""sigma"": 13.58673607524069, ""size"": 31, ""theta"": 2.621760945997308}",0.04313453659415245,positive
exp_031_abess,191,1032,hog,"{""sigma"": 11.924903616833603, ""size"": 31, ""theta"": 2.632566063722082}",-0.07228691875934601,negative
exp_031_abess,192,1121,hog,"{""sigma"": 8.739123990652924, ""size"": 31, ""theta"": 2.7729735191399776}",0.03033093921840191,positive
exp_031_abess,193,1192,hog,"{""sigma"": 7.865965178052188, ""size"": 31, ""theta"": 0.24633893128870868}",-0.06330131739377975,negative
exp_031_abess,194,1060,hog,"{""sigma"": 13.176324555217816, ""size"": 31, ""theta"": 2.58828960498263}",-0.053436409682035446,negative
exp_031_abess,195,1153,hog,"{""sigma"": 9.956902204363175, ""size"": 31, ""theta"": 0.4133920374831257}",-0.0627874955534935,negative
exp_031_abess,196,1144,hog,"{""sigma"": 15.118965538538802, ""size"": 31, ""theta"": 0.49866307237997803}",-0.03915100172162056,negative
exp_031_abess,197,387,anisotropic_gaussian,"{""sigma_x"": 3.175076930904754, ""sigma_y"": 5.503949723841873, ""size"": 31, ""theta"": 1.605269702108789}",-0.1908903867006302,negative
exp_031_abess,198,803,gabor,"{""freq"": 0.4135167370653941, ""gamma"": 1.0983536807069947, ""phase"": 1.4735346487482406, ""sigma"": 8.264098102804837, ""size"": 31, ""theta"": 0.04258845306973249}",-0.057204850018024445,negative
exp_031_abess,199,212,anisotropic_gaussian,"{""sigma_x"": 2.610820417113415, ""sigma_y"": 1.3718432476997962, ""size"": 31, ""theta"": 0.5425207475110554}",-0.24581067264080048,negative
exp_031_abess,200,179,gaussian,"{""sigma_x"": 1.9288022228937391, ""sigma_y"": 1.9288022228937391, ""size"": 31, ""theta"": 0.5421216372338674}",-0.22156937420368195,negative
exp_032_abess,1,393,anisotropic_gaussian,"{""sigma_x"": 15.293548044657731, ""sigma_y"": 43.391804717473704, ""size"": 31, ""theta"": 3.079816421660781}",0.07201220840215683,positive
exp_032_abess,2,290,anisotropic_gaussian,"{""sigma_x"": 14.152929702483041, ""sigma_y"": 37.47659949940067, ""size"": 31, ""theta"": 2.383034977762425}",0.12504054605960846,positive
exp_032_abess,3,354,anisotropic_gaussian,"{""sigma_x"": 14.10080294624121, ""sigma_y"": 34.52247166725376, ""size"": 31, ""theta"": 2.185300436018491}",0.12316874414682388,positive
exp_032_abess,4,287,anisotropic_gaussian,"{""sigma_x"": 13.550735298074425, ""sigma_y"": 25.27387818431486, ""size"": 31, ""theta"": 2.513947817336932}",0.09344924986362457,positive
exp_032_abess,5,328,anisotropic_gaussian,"{""sigma_x"": 11.51659467322039, ""sigma_y"": 28.175267860102196, ""size"": 31, ""theta"": 2.3580594174753027}",0.10353676229715347,positive
exp_032_abess,6,265,anisotropic_gaussian,"{""sigma_x"": 13.378721262449586, ""sigma_y"": 21.251812922201974, ""size"": 31, ""theta"": 2.1006055461590876}",0.0934833362698555,positive
exp_032_abess,7,235,anisotropic_gaussian,"{""sigma_x"": 14.501083873139008, ""sigma_y"": 34.543006361138225, ""size"": 31, ""theta"": 1.1685619316571851}",0.1248406246304512,positive
exp_032_abess,8,256,anisotropic_gaussian,"{""sigma_x"": 14.254761754945696, ""sigma_y"": 30.139479917442827, ""size"": 31, ""theta"": 0.7516884900707559}",0.10623621940612793,positive
exp_032_abess,9,266,anisotropic_gaussian,"{""sigma_x"": 14.557024730898654, ""sigma_y"": 31.212715311783946, ""size"": 31, ""theta"": 0.9509253752975916}",0.14031079411506653,positive
exp_032_abess,10,309,anisotropic_gaussian,"{""sigma_x"": 10.088564729668587, ""sigma_y"": 23.03037856398541, ""size"": 31, ""theta"": 2.6656449493396868}",0.06781459599733353,positive
exp_032_abess,11,232,anisotropic_gaussian,"{""sigma_x"": 12.684519449147288, ""sigma_y"": 24.050061330056852, ""size"": 31, ""theta"": 1.8995087012622411}",0.11404554545879364,positive
exp_032_abess,12,261,anisotropic_gaussian,"{""sigma_x"": 10.794492171555522, ""sigma_y"": 24.889489056978295, ""size"": 31, ""theta"": 3.097165285362055}",0.1620561182498932,positive
exp_032_abess,13,270,anisotropic_gaussian,"{""sigma_x"": 11.698342756425927, ""sigma_y"": 34.10062220614089, ""size"": 31, ""theta"": 0.46319580769173524}",0.1617148518562317,positive
exp_032_abess,14,130,gaussian,"{""sigma_x"": 15.114006932585726, ""sigma_y"": 15.114006932585726, ""size"": 31, ""theta"": 0.30156393670867504}",0.14133784174919128,positive
exp_032_abess,15,251,anisotropic_gaussian,"{""sigma_x"": 10.435420572595028, ""sigma_y"": 20.25016346344438, ""size"": 31, ""theta"": 2.750019649986329}",0.08960437029600143,positive
exp_032_abess,16,183,gaussian,"{""sigma_x"": 15.053669831192916, ""sigma_y"": 15.053669831192916, ""size"": 31, ""theta"": 2.4513953201621055}",0.07474566251039505,positive
exp_032_abess,17,209,anisotropic_gaussian,"{""sigma_x"": 12.443102740962768, ""sigma_y"": 18.19410023120056, ""size"": 31, ""theta"": 0.10267227744907974}",0.1488729566335678,positive
exp_032_abess,18,220,anisotropic_gaussian,"{""sigma_x"": 12.764242914579066, ""sigma_y"": 21.53932273277328, ""size"": 31, ""theta"": 0.5245510850296636}",0.08567900210618973,positive
exp_032_abess,19,17,gaussian,"{""sigma_x"": 14.782971879099435, ""sigma_y"": 14.782971879099435, ""size"": 31, ""theta"": 2.1633755588403107}",0.06698611378669739,positive
exp_032_abess,20,95,gaussian,"{""sigma_x"": 14.737590854239738, ""sigma_y"": 14.737590854239738, ""size"": 31, ""theta"": 0.8339441344972648}",0.12470673024654388,positive
exp_032_abess,21,353,anisotropic_gaussian,"{""sigma_x"": 13.379477705408407, ""sigma_y"": 16.21429380502587, ""size"": 31, ""theta"": 2.159082887908603}",0.0739704892039299,positive
exp_032_abess,22,38,gaussian,"{""sigma_x"": 14.693837474849433, ""sigma_y"": 14.693837474849433, ""size"": 31, ""theta"": 1.6635680461250764}",0.08625003695487976,positive
exp_032_abess,23,72,gaussian,"{""sigma_x"": 14.333502896253359, ""sigma_y"": 14.333502896253359, ""size"": 31, ""theta"": 2.179244506437976}",0.1108742356300354,positive
exp_032_abess,24,240,anisotropic_gaussian,"{""sigma_x"": 13.949842031157505, ""sigma_y"": 14.521781903244209, ""size"": 31, ""theta"": 0.16432172340912835}",0.1507006585597992,positive
exp_032_abess,25,127,gaussian,"{""sigma_x"": 14.229376477468588, ""sigma_y"": 14.229376477468588, ""size"": 31, ""theta"": 2.1485229917396667}",0.07467104494571686,positive
exp_032_abess,26,146,gaussian,"{""sigma_x"": 14.166500204139997, ""sigma_y"": 14.166500204139997, ""size"": 31, ""theta"": 1.392970671885081}",0.1086285412311554,positive
exp_032_abess,27,126,gaussian,"{""sigma_x"": 13.812887358748723, ""sigma_y"": 13.812887358748723, ""size"": 31, ""theta"": 2.3762260544843916}",0.15411320328712463,positive
exp_032_abess,28,44,gaussian,"{""sigma_x"": 13.682449218992174, ""sigma_y"": 13.682449218992174, ""size"": 31, ""theta"": 0.6765406894051946}",0.08013856410980225,positive
exp_032_abess,29,249,anisotropic_gaussian,"{""sigma_x"": 12.41026598719701, ""sigma_y"": 14.433866868445984, ""size"": 31, ""theta"": 3.1010078773740632}",0.1159210130572319,positive
exp_032_abess,30,312,anisotropic_gaussian,"{""sigma_x"": 9.363343280645461, ""sigma_y"": 18.12704189663528, ""size"": 31, ""theta"": 2.5078856832512546}",0.06274005025625229,positive
exp_032_abess,31,178,gaussian,"{""sigma_x"": 13.6005651001149, ""sigma_y"": 13.6005651001149, ""size"": 31, ""theta"": 2.0101536584907773}",0.10239945352077484,positive
exp_032_abess,32,296,anisotropic_gaussian,"{""sigma_x"": 9.355591163497303, ""sigma_y"": 20.912033795477907, ""size"": 31, ""theta"": 3.062964166151298}",0.087923064827919,positive
exp_032_abess,33,160,gaussian,"{""sigma_x"": 13.414464484210823, ""sigma_y"": 13.414464484210823, ""size"": 31, ""theta"": 1.100543821324462}",0.09166999161243439,positive
exp_032_abess,34,135,gaussian,"{""sigma_x"": 13.403526613334247, ""sigma_y"": 13.403526613334247, ""size"": 31, ""theta"": 1.8660303425810043}",0.16088968515396118,positive
exp_032_abess,35,6,gaussian,"{""sigma_x"": 13.20616943277072, ""sigma_y"": 13.20616943277072, ""size"": 31, ""theta"": 0.06923142319956646}",0.14384868741035461,positive
exp_032_abess,36,132,gaussian,"{""sigma_x"": 12.98791508917322, ""sigma_y"": 12.98791508917322, ""size"": 31, ""theta"": 1.2332056278797483}",0.10787119716405869,positive
exp_032_abess,37,59,gaussian,"{""sigma_x"": 12.970102875140451, ""sigma_y"": 12.970102875140451, ""size"": 31, ""theta"": 2.3051991698091845}",0.08677083253860474,positive
exp_032_abess,38,307,anisotropic_gaussian,"{""sigma_x"": 11.339579249161426, ""sigma_y"": 24.907084645406048, ""size"": 31, ""theta"": 1.2087627743513363}",0.10178631544113159,positive
exp_032_abess,39,302,anisotropic_gaussian,"{""sigma_x"": 7.255722852374052, ""sigma_y"": 20.064873084860405, ""size"": 31, ""theta"": 2.5906276447636696}",0.08492591977119446,positive
exp_032_abess,40,13,gaussian,"{""sigma_x"": 12.536128853335804, ""sigma_y"": 12.536128853335804, ""size"": 31, ""theta"": 2.377165761926353}",0.1374501883983612,positive
exp_032_abess,41,269,anisotropic_gaussian,"{""sigma_x"": 10.25825389836181, ""sigma_y"": 30.524894897411993, ""size"": 31, ""theta"": 1.6089685883841547}",0.08477630466222763,positive
exp_032_abess,42,93,gaussian,"{""sigma_x"": 12.50217630449839, ""sigma_y"": 12.50217630449839, ""size"": 31, ""theta"": 2.1464588300282137}",0.06629598140716553,positive
exp_032_abess,43,117,gaussian,"{""sigma_x"": 12.485882813548374, ""sigma_y"": 12.485882813548374, ""size"": 31, ""theta"": 0.179510759084751}",0.10746333003044128,positive
exp_032_abess,44,324,anisotropic_gaussian,"{""sigma_x"": 11.426278515354673, ""sigma_y"": 13.901717009346537, ""size"": 31, ""theta"": 1.7603085954409425}",0.13705527782440186,positive
exp_032_abess,45,18,gaussian,"{""sigma_x"": 12.118546372532608, ""sigma_y"": 12.118546372532608, ""size"": 31, ""theta"": 1.350593667946596}",0.051076654344797134,positive
exp_032_abess,46,11,gaussian,"{""sigma_x"": 12.054033085570799, ""sigma_y"": 12.054033085570799, ""size"": 31, ""theta"": 0.5177777995985362}",0.045152340084314346,positive
exp_032_abess,47,384,anisotropic_gaussian,"{""sigma_x"": 9.0429618441522, ""sigma_y"": 22.959141447928143, ""size"": 31, ""theta"": 0.5269943147268352}",0.15353676676750183,positive
exp_032_abess,48,25,gaussian,"{""sigma_x"": 11.698204713404019, ""sigma_y"": 11.698204713404019, ""size"": 31, ""theta"": 0.2173250166063913}",0.12428291141986847,positive
exp_032_abess,49,339,anisotropic_gaussian,"{""sigma_x"": 6.545574651396862, ""sigma_y"": 18.902097951888145, ""size"": 31, ""theta"": 2.8525003432665206}",0.12163793295621872,positive
exp_032_abess,50,285,anisotropic_gaussian,"{""sigma_x"": 8.607425432211187, ""sigma_y"": 13.635846701966157, ""size"": 31, ""theta"": 2.527434017161297}",0.11716095358133316,positive
exp_032_abess,51,159,gaussian,"{""sigma_x"": 11.20447809943943, ""sigma_y"": 11.20447809943943, ""size"": 31, ""theta"": 1.3811582744305688}",0.11984537541866302,positive
exp_032_abess,52,192,gaussian,"{""sigma_x"": 11.135812990101767, ""sigma_y"": 11.135812990101767, ""size"": 31, ""theta"": 2.2183566226940976}",0.05340611934661865,positive
exp_032_abess,53,190,gaussian,"{""sigma_x"": 11.088394098891143, ""sigma_y"": 11.088394098891143, ""size"": 31, ""theta"": 1.8991448677209817}",0.13610681891441345,positive
exp_032_abess,54,367,anisotropic_gaussian,"{""sigma_x"": 12.812005809357977, ""sigma_y"": 10.000147576511017, ""size"": 31, ""theta"": 2.296160768627992}",0.11334037035703659,positive
exp_032_abess,55,50,gaussian,"{""sigma_x"": 10.81266314956763, ""sigma_y"": 10.81266314956763, ""size"": 31, ""theta"": 1.4550481149317072}",0.0430387482047081,positive
exp_032_abess,56,294,anisotropic_gaussian,"{""sigma_x"": 8.745282059183065, ""sigma_y"": 22.385441420805815, ""size"": 31, ""theta"": 1.6877766912093963}",0.1028541848063469,positive
exp_032_abess,57,177,gaussian,"{""sigma_x"": 10.549280108538898, ""sigma_y"": 10.549280108538898, ""size"": 31, ""theta"": 3.096512455228129}",0.08656347543001175,positive
exp_032_abess,58,35,gaussian,"{""sigma_x"": 10.548180424130292, ""sigma_y"": 10.548180424130292, ""size"": 31, ""theta"": 1.0787824157079415}",0.059662334620952606,positive
exp_032_abess,59,319,anisotropic_gaussian,"{""sigma_x"": 8.830966910411115, ""sigma_y"": 23.53818437694642, ""size"": 31, ""theta"": 1.1721607605233135}",0.041267529129981995,positive
exp_032_abess,60,343,anisotropic_gaussian,"{""sigma_x"": 8.789119757226416, ""sigma_y"": 23.405036968018113, ""size"": 31, ""theta"": 1.2168146468144048}",0.04541400447487831,positive
exp_032_abess,61,30,gaussian,"{""sigma_x"": 10.448346530533273, ""sigma_y"": 10.448346530533273, ""size"": 31, ""theta"": 0.30422482003106116}",0.08543454110622406,positive
exp_032_abess,62,308,anisotropic_gaussian,"{""sigma_x"": 7.092410531899396, ""sigma_y"": 13.290532638111532, ""size"": 31, ""theta"": 2.5927589891986726}",0.08603998273611069,positive
exp_032_abess,63,214,anisotropic_gaussian,"{""sigma_x"": 6.760450484781372, ""sigma_y"": 16.707365670279565, ""size"": 31, ""theta"": 0.15899881421974904}",0.08165963739156723,positive
exp_032_abess,64,230,anisotropic_gaussian,"{""sigma_x"": 8.92871976371294, ""sigma_y"": 12.72489968191261, ""size"": 31, ""theta"": 0.6453715448161915}",0.06212940067052841,positive
exp_032_abess,65,329,anisotropic_gaussian,"{""sigma_x"": 7.669497852045682, ""sigma_y"": 13.587144764147753, ""size"": 31, ""theta"": 0.18868366460598762}",0.11629724502563477,positive
exp_032_abess,66,396,anisotropic_gaussian,"{""sigma_x"": 7.060249556851113, ""sigma_y"": 13.145853283277216, ""size"": 31, ""theta"": 2.3848902051201444}",0.12499027699232101,positive
exp_032_abess,67,216,anisotropic_gaussian,"{""sigma_x"": 5.720739923481686, ""sigma_y"": 16.33101507875691, ""size"": 31, ""theta"": 2.3850973469169814}",0.08031763881444931,positive
exp_032_abess,68,109,gaussian,"{""sigma_x"": 10.034164170101588, ""sigma_y"": 10.034164170101588, ""size"": 31, ""theta"": 0.1318451088484473}",0.10064443945884705,positive
exp_032_abess,69,147,gaussian,"{""sigma_x"": 9.977038743322462, ""sigma_y"": 9.977038743322462, ""size"": 31, ""theta"": 0.34340285099236034}",0.031099755316972733,positive
exp_032_abess,70,118,gaussian,"{""sigma_x"": 9.928269608513459, ""sigma_y"": 9.928269608513459, ""size"": 31, ""theta"": 1.6748015398232914}",0.1334744691848755,positive
exp_032_abess,71,174,gaussian,"{""sigma_x"": 9.920160853523205, ""sigma_y"": 9.920160853523205, ""size"": 31, ""theta"": 2.9532474411007197}",0.12575285136699677,positive
exp_032_abess,72,213,anisotropic_gaussian,"{""sigma_x"": 6.352159459451315, ""sigma_y"": 18.214385125997662, ""size"": 31, ""theta"": 0.3144686946938867}",0.045213483273983,positive
exp_032_abess,73,108,gaussian,"{""sigma_x"": 9.671929480960976, ""sigma_y"": 9.671929480960976, ""size"": 31, ""theta"": 0.3567331915909017}",0.05040156841278076,positive
exp_032_abess,74,318,anisotropic_gaussian,"{""sigma_x"": 9.513256021437359, ""sigma_y"": 9.71249769102717, ""size"": 31, ""theta"": 2.5935677797560044}",0.028429700061678886,positive
exp_032_abess,75,283,anisotropic_gaussian,"{""sigma_x"": 5.416132173475784, ""sigma_y"": 13.079948130674586, ""size"": 31, ""theta"": 3.1114010515669652}",0.0759568065404892,positive
exp_032_abess,76,204,anisotropic_gaussian,"{""sigma_x"": 8.327347502177854, ""sigma_y"": 11.076669966829702, ""size"": 31, ""theta"": 0.44267630977555306}",0.11055953800678253,positive
exp_032_abess,77,250,anisotropic_gaussian,"{""sigma_x"": 9.072866366404268, ""sigma_y"": 9.797615527912665, ""size"": 31, ""theta"": 2.4812001736640616}",0.06793686002492905,positive
exp_032_abess,78,219,anisotropic_gaussian,"{""sigma_x"": 9.062556903485783, ""sigma_y"": 10.418876132313823, ""size"": 31, ""theta"": 1.1404184480505817}",0.1212446466088295,positive
exp_032_abess,79,397,anisotropic_gaussian,"{""sigma_x"": 6.05033132478703, ""sigma_y"": 11.594231524263112, ""size"": 31, ""theta"": 2.7257125610263677}",0.10633526742458344,positive
exp_032_abess,80,234,anisotropic_gaussian,"{""sigma_x"": 6.993956186591544, ""sigma_y"": 11.781740877184772, ""size"": 31, ""theta"": 0.1732470939897514}",0.07215220481157303,positive
exp_032_abess,81,365,anisotropic_gaussian,"{""sigma_x"": 8.759795887156029, ""sigma_y"": 11.193791119722711, ""size"": 31, ""theta"": 1.3653054307667616}",0.0646514818072319,positive
exp_032_abess,82,392,anisotropic_gaussian,"{""sigma_x"": 4.423869182659549, ""sigma_y"": 11.901408176855126, ""size"": 31, ""theta"": 2.935682199662871}",0.022688046097755432,positive
exp_032_abess,83,201,anisotropic_gaussian,"{""sigma_x"": 4.379934520912221, ""sigma_y"": 11.70919434453332, ""size"": 31, ""theta"": 2.8994741753095834}",0.06538327783346176,positive
exp_032_abess,84,292,anisotropic_gaussian,"{""sigma_x"": 6.4549287509796685, ""sigma_y"": 17.690739455945863, ""size"": 31, ""theta"": 1.99327782737786}",0.02836044877767563,positive
exp_032_abess,85,148,gaussian,"{""sigma_x"": 8.876093198181522, ""sigma_y"": 8.876093198181522, ""size"": 31, ""theta"": 0.29425785089170214}",0.0662735179066658,positive
exp_032_abess,86,63,gaussian,"{""sigma_x"": 8.814636090333527, ""sigma_y"": 8.814636090333527, ""size"": 31, ""theta"": 2.1440624728103646}",0.041840728372335434,positive
exp_032_abess,87,280,anisotropic_gaussian,"{""sigma_x"": 7.30676889609499, ""sigma_y"": 9.432179292035446, ""size"": 31, ""theta"": 2.9832687905094364}",0.0355292409658432,positive
exp_032_abess,88,357,anisotropic_gaussian,"{""sigma_x"": 7.8077523331291445, ""sigma_y"": 12.304646171881297, ""size"": 31, ""theta"": 1.1949910493328895}",0.038181670010089874,positive
exp_032_abess,89,313,anisotropic_gaussian,"{""sigma_x"": 7.724335700650833, ""sigma_y"": 13.000489196333625, ""size"": 31, ""theta"": 1.3258248370213046}",0.055995360016822815,positive
exp_032_abess,90,197,gaussian,"{""sigma_x"": 8.604483527607709, ""sigma_y"": 8.604483527607709, ""size"": 31, ""theta"": 0.44173628147580307}",0.030912740156054497,positive
exp_032_abess,91,268,anisotropic_gaussian,"{""sigma_x"": 10.21997313870122, ""sigma_y"": 8.052850567058494, ""size"": 31, ""theta"": 3.0873609149047594}",0.029949279502034187,positive
exp_032_abess,92,272,anisotropic_gaussian,"{""sigma_x"": 8.178827765725954, ""sigma_y"": 8.816083243089762, ""size"": 31, ""theta"": 2.6037286043311005}",0.08741936087608337,positive
exp_032_abess,93,185,gaussian,"{""sigma_x"": 8.551355096769745, ""sigma_y"": 8.551355096769745, ""size"": 31, ""theta"": 2.921672947015389}",0.12254763394594193,positive
exp_032_abess,94,128,gaussian,"{""sigma_x"": 8.536638609238853, ""sigma_y"": 8.536638609238853, ""size"": 31, ""theta"": 0.9415305324536765}",0.10613643378019333,positive
exp_032_abess,95,57,gaussian,"{""sigma_x"": 8.507662010882143, ""sigma_y"": 8.507662010882143, ""size"": 31, ""theta"": 1.5170415404495592}",0.08767510950565338,positive
exp_032_abess,96,333,anisotropic_gaussian,"{""sigma_x"": 7.970196585300536, ""sigma_y"": 9.197449390563971, ""size"": 31, ""theta"": 0.6914237898107102}",0.07480034977197647,positive
exp_032_abess,97,361,anisotropic_gaussian,"{""sigma_x"": 10.453648439451122, ""sigma_y"": 7.498535373346814, ""size"": 31, ""theta"": 2.412263045127606}",0.09173126518726349,positive
exp_032_abess,98,347,anisotropic_gaussian,"{""sigma_x"": 6.666260066429092, ""sigma_y"": 13.918245408375673, ""size"": 31, ""theta"": 0.9272454981938321}",0.10028394311666489,positive
exp_032_abess,99,330,anisotropic_gaussian,"{""sigma_x"": 6.003300426325819, ""sigma_y"": 16.251813306524895, ""size"": 31, ""theta"": 1.9927422991747914}",0.05419277027249336,positive
exp_032_abess,100,223,anisotropic_gaussian,"{""sigma_x"": 6.826141343269245, ""sigma_y"": 13.186690741108507, ""size"": 31, ""theta"": 1.841186977153085}",0.10849249362945557,positive
exp_032_abess,101,19,gaussian,"{""sigma_x"": 8.253045720589597, ""sigma_y"": 8.253045720589597, ""size"": 31, ""theta"": 0.3297204388070359}",0.04878561571240425,positive
exp_032_abess,102,189,gaussian,"{""sigma_x"": 8.248137198716563, ""sigma_y"": 8.248137198716563, ""size"": 31, ""theta"": 2.124606467930603}",0.02467513456940651,positive
exp_032_abess,103,226,anisotropic_gaussian,"{""sigma_x"": 7.894108905864599, ""sigma_y"": 8.929932841829254, ""size"": 31, ""theta"": 1.0996362965814084}",0.08550716936588287,positive
exp_032_abess,104,131,gaussian,"{""sigma_x"": 8.109968673226673, ""sigma_y"": 8.109968673226673, ""size"": 31, ""theta"": 2.407100359039979}",0.11298498511314392,positive
exp_032_abess,105,22,gaussian,"{""sigma_x"": 8.10672886093924, ""sigma_y"": 8.10672886093924, ""size"": 31, ""theta"": 0.461796736958721}",0.049333371222019196,positive
exp_032_abess,106,255,anisotropic_gaussian,"{""sigma_x"": 4.896053561735277, ""sigma_y"": 14.051353277454384, ""size"": 31, ""theta"": 0.6218179467887884}",0.11202393472194672,positive
exp_032_abess,107,193,gaussian,"{""sigma_x"": 7.905972554417291, ""sigma_y"": 7.905972554417291, ""size"": 31, ""theta"": 2.3723085753250035}",0.07372846454381943,positive
exp_032_abess,108,369,anisotropic_gaussian,"{""sigma_x"": 6.549548634582774, ""sigma_y"": 12.450567601812345, ""size"": 31, ""theta"": 1.8084267963531744}",0.016739359125494957,positive
exp_032_abess,109,320,anisotropic_gaussian,"{""sigma_x"": 9.7169228287695, ""sigma_y"": 5.348987686805999, ""size"": 31, ""theta"": 1.9531215707310425}",0.1012854054570198,positive
exp_032_abess,110,186,gaussian,"{""sigma_x"": 7.782918338425175, ""sigma_y"": 7.782918338425175, ""size"": 31, ""theta"": 0.48528512864583817}",0.007974814623594284,positive
exp_032_abess,111,305,anisotropic_gaussian,"{""sigma_x"": 4.317825275349033, ""sigma_y"": 12.861884917510666, ""size"": 31, ""theta"": 0.5612265989295778}",0.04533831775188446,positive
exp_032_abess,112,100,gaussian,"{""sigma_x"": 7.660243899565843, ""sigma_y"": 7.660243899565843, ""size"": 31, ""theta"": 2.5847101179174916}",0.039676837623119354,positive
exp_032_abess,113,378,anisotropic_gaussian,"{""sigma_x"": 4.2027992675369825, ""sigma_y"": 11.171022506161338, ""size"": 31, ""theta"": 2.3673288940278137}",0.04892478138208389,positive
exp_032_abess,114,16,gaussian,"{""sigma_x"": 7.448067005584318, ""sigma_y"": 7.448067005584318, ""size"": 31, ""theta"": 3.0221546899855065}",0.00794163253158331,positive
exp_032_abess,115,264,anisotropic_gaussian,"{""sigma_x"": 5.346243069521886, ""sigma_y"": 13.057724932246803, ""size"": 31, ""theta"": 0.8797615740497472}",0.020485607907176018,positive
exp_032_abess,116,71,gaussian,"{""sigma_x"": 7.394623480712128, ""sigma_y"": 7.394623480712128, ""size"": 31, ""theta"": 1.0744267157278995}",0.07138292491436005,positive
exp_032_abess,117,88,gaussian,"{""sigma_x"": 7.374484662408718, ""sigma_y"": 7.374484662408718, ""size"": 31, ""theta"": 2.643887224785081}",0.05896231532096863,positive
exp_032_abess,118,179,gaussian,"{""sigma_x"": 7.324153821230024, ""sigma_y"": 7.324153821230024, ""size"": 31, ""theta"": 2.3666059436621905}",-0.008177708834409714,negative
exp_032_abess,119,301,anisotropic_gaussian,"{""sigma_x"": 5.848492271913354, ""sigma_y"": 10.079813488413196, ""size"": 31, ""theta"": 2.044331878099735}",0.08902810513973236,positive
exp_032_abess,120,217,anisotropic_gaussian,"{""sigma_x"": 8.420892409998812, ""sigma_y"": 6.905359163058869, ""size"": 31, ""theta"": 3.1089103573864785}",0.013097754679620266,positive
exp_032_abess,121,113,gaussian,"{""sigma_x"": 7.071903560373304, ""sigma_y"": 7.071903560373304, ""size"": 31, ""theta"": 0.07006172644866585}",-0.0011589929927140474,negative
exp_032_abess,122,36,gaussian,"{""sigma_x"": 7.062355262151563, ""sigma_y"": 7.062355262151563, ""size"": 31, ""theta"": 2.7943945258300475}",0.005249211098998785,positive
exp_032_abess,123,53,gaussian,"{""sigma_x"": 6.987770901524682, ""sigma_y"": 6.987770901524682, ""size"": 31, ""theta"": 2.8972404043578814}",0.08998939394950867,positive
exp_032_abess,124,7,gaussian,"{""sigma_x"": 6.934628572655266, ""sigma_y"": 6.934628572655266, ""size"": 31, ""theta"": 1.425090781278734}",0.03688282519578934,positive
exp_032_abess,125,167,gaussian,"{""sigma_x"": 6.888792067531707, ""sigma_y"": 6.888792067531707, ""size"": 31, ""theta"": 2.1873983856266714}",0.07399815320968628,positive
exp_032_abess,126,47,gaussian,"{""sigma_x"": 6.84788672656829, ""sigma_y"": 6.84788672656829, ""size"": 31, ""theta"": 0.014391744112576385}",0.02995341829955578,positive
exp_032_abess,127,202,anisotropic_gaussian,"{""sigma_x"": 4.527774120166339, ""sigma_y"": 10.819440760742605, ""size"": 31, ""theta"": 0.7694490582060542}",0.05530804768204689,positive
exp_032_abess,128,218,anisotropic_gaussian,"{""sigma_x"": 5.12857475069348, ""sigma_y"": 8.929991658139778, ""size"": 31, ""theta"": 0.7015932624691843}",-0.004675172735005617,negative
exp_032_abess,129,56,gaussian,"{""sigma_x"": 6.731333414390037, ""sigma_y"": 6.731333414390037, ""size"": 31, ""theta"": 1.4099407226867167}",0.06902794539928436,positive
exp_032_abess,130,306,anisotropic_gaussian,"{""sigma_x"": 3.476200696350339, ""sigma_y"": 8.091005970118207, ""size"": 31, ""theta"": 0.33756558308692725}",-0.04745155945420265,negative
exp_032_abess,131,379,anisotropic_gaussian,"{""sigma_x"": 3.419429117962868, ""sigma_y"": 8.481767402533329, ""size"": 31, ""theta"": 0.41591935399374586}",0.02775127813220024,positive
exp_032_abess,132,238,anisotropic_gaussian,"{""sigma_x"": 6.508586490608983, ""sigma_y"": 7.239920515609847, ""size"": 31, ""theta"": 1.2086355309337122}",0.06732186675071716,positive
exp_032_abess,133,258,anisotropic_gaussian,"{""sigma_x"": 7.443312741582702, ""sigma_y"": 4.735657838085459, ""size"": 31, ""theta"": 1.96504246535406}",0.03095446527004242,positive
exp_032_abess,134,187,gaussian,"{""sigma_x"": 6.519964434040482, ""sigma_y"": 6.519964434040482, ""size"": 31, ""theta"": 0.45765208808196167}",-0.0009740849491208792,negative
exp_032_abess,135,363,anisotropic_gaussian,"{""sigma_x"": 4.610907370694661, ""sigma_y"": 13.040097769914592, ""size"": 31, ""theta"": 0.9975631485413884}",0.06289485096931458,positive
exp_032_abess,136,145,gaussian,"{""sigma_x"": 6.424011361744024, ""sigma_y"": 6.424011361744024, ""size"": 31, ""theta"": 2.4095847979263083}",0.01365696731954813,positive
exp_032_abess,137,360,anisotropic_gaussian,"{""sigma_x"": 8.26134963498176, ""sigma_y"": 4.283432936207884, ""size"": 31, ""theta"": 2.2114268873181904}",0.04793298989534378,positive
exp_032_abess,138,1155,hog,"{""sigma"": 13.789643033259722, ""size"": 31, ""theta"": 2.9780861970933685}",0.07721399515867233,positive
exp_032_abess,139,1019,hog,"{""sigma"": 14.859440634340531, ""size"": 31, ""theta"": 2.9368150364384866}",0.08548480272293091,positive
exp_032_abess,140,366,anisotropic_gaussian,"{""sigma_x"": 3.661955374801984, ""sigma_y"": 8.657851468889492, ""size"": 31, ""theta"": 0.6505312241182784}",8.739527402212843e-05,positive
exp_032_abess,141,344,anisotropic_gaussian,"{""sigma_x"": 3.4381482871044904, ""sigma_y"": 6.577197806651485, ""size"": 31, ""theta"": 0.043573895907102075}",0.01102402899414301,positive
exp_032_abess,142,326,anisotropic_gaussian,"{""sigma_x"": 5.039880108672056, ""sigma_y"": 13.034615972693185, ""size"": 31, ""theta"": 1.3580249810162615}",0.05403059348464012,positive
exp_032_abess,143,212,anisotropic_gaussian,"{""sigma_x"": 3.1426650298373273, ""sigma_y"": 7.355157142903682, ""size"": 31, ""theta"": 0.3777758925683042}",-0.06799875199794769,negative
exp_032_abess,144,311,anisotropic_gaussian,"{""sigma_x"": 5.100773943460039, ""sigma_y"": 11.732925348563139, ""size"": 31, ""theta"": 1.3786815849050036}",-0.009947803802788258,negative
exp_032_abess,145,263,anisotropic_gaussian,"{""sigma_x"": 8.55649766825677, ""sigma_y"": 4.297332836152185, ""size"": 31, ""theta"": 2.3457702282706845}",-0.029597751796245575,negative
exp_032_abess,146,349,anisotropic_gaussian,"{""sigma_x"": 3.8602191172004, ""sigma_y"": 9.893926703175987, ""size"": 31, ""theta"": 2.1512392025534277}",-0.023860957473516464,negative
exp_032_abess,147,1037,hog,"{""sigma"": 12.241958101552141, ""size"": 31, ""theta"": 2.9602522925848147}",0.061666179448366165,positive
exp_032_abess,148,1145,hog,"{""sigma"": 13.58846528411348, ""size"": 31, ""theta"": 2.9104789131427085}",0.1332751363515854,positive
exp_032_abess,149,120,gaussian,"{""sigma_x"": 5.846657767649932, ""sigma_y"": 5.846657767649932, ""size"": 31, ""theta"": 2.671733123859039}",0.03670237213373184,positive
exp_032_abess,150,394,anisotropic_gaussian,"{""sigma_x"": 3.8397907577309662, ""sigma_y"": 6.201248530163383, ""size"": 31, ""theta"": 2.8717194942759727}",-0.04765165597200394,negative
exp_032_abess,151,91,gaussian,"{""sigma_x"": 5.786696612939657, ""sigma_y"": 5.786696612939657, ""size"": 31, ""theta"": 1.683572905978774}",0.008286328986287117,positive
exp_032_abess,152,1056,hog,"{""sigma"": 12.858979036166431, ""size"": 31, ""theta"": 0.18927489545974727}",0.06736347824335098,positive
exp_032_abess,153,368,anisotropic_gaussian,"{""sigma_x"": 6.299950462255061, ""sigma_y"": 5.761201767216551, ""size"": 31, ""theta"": 2.941536070239233}",-0.003438057843595743,negative
exp_032_abess,154,92,gaussian,"{""sigma_x"": 5.735022277387033, ""sigma_y"": 5.735022277387033, ""size"": 31, ""theta"": 2.747850991578196}",0.03764571249485016,positive
exp_032_abess,155,169,gaussian,"{""sigma_x"": 5.728727221915416, ""sigma_y"": 5.728727221915416, ""size"": 31, ""theta"": 1.8114595497407529}",-0.021828897297382355,negative
exp_032_abess,156,1192,hog,"{""sigma"": 12.473659154859117, ""size"": 31, ""theta"": 0.18680990419544488}",0.13615430891513824,positive
exp_032_abess,157,1186,hog,"{""sigma"": 10.951859488129656, ""size"": 31, ""theta"": 0.10261372574902697}",0.05732327327132225,positive
exp_032_abess,158,380,anisotropic_gaussian,"{""sigma_x"": 4.726493591188404, ""sigma_y"": 7.5536702714343615, ""size"": 31, ""theta"": 2.1377755060967174}",-0.038967687636613846,negative
exp_032_abess,159,77,gaussian,"{""sigma_x"": 5.676811514260219, ""sigma_y"": 5.676811514260219, ""size"": 31, ""theta"": 2.294405905342627}",0.0050569381564855576,positive
exp_032_abess,160,1023,hog,"{""sigma"": 13.103919983492425, ""size"": 31, ""theta"": 0.2124013453074265}",0.08161035925149918,positive
exp_032_abess,161,253,anisotropic_gaussian,"{""sigma_x"": 2.508205259018023, ""sigma_y"": 6.270474760480875, ""size"": 31, ""theta"": 0.11226963063387957}",-0.06438591331243515,negative
exp_032_abess,162,254,anisotropic_gaussian,"{""sigma_x"": 6.27281594700025, ""sigma_y"": 5.309324259636872, ""size"": 31, ""theta"": 2.620696578012236}",0.02536778524518013,positive
exp_032_abess,163,28,gaussian,"{""sigma_x"": 5.487425427702462, ""sigma_y"": 5.487425427702462, ""size"": 31, ""theta"": 2.8147036508309258}",-0.005445081740617752,negative
exp_032_abess,164,180,gaussian,"{""sigma_x"": 5.4367998546907375, ""sigma_y"": 5.4367998546907375, ""size"": 31, ""theta"": 0.5382754231864052}",-0.005556623917073011,negative
exp_032_abess,165,382,anisotropic_gaussian,"{""sigma_x"": 4.631678066031999, ""sigma_y"": 7.940473466568809, ""size"": 31, ""theta"": 1.960265345987454}",0.042230889201164246,positive
exp_032_abess,166,41,gaussian,"{""sigma_x"": 5.368823443603476, ""sigma_y"": 5.368823443603476, ""size"": 31, ""theta"": 0.06383776694296871}",-0.032325297594070435,negative
exp_032_abess,167,188,gaussian,"{""sigma_x"": 5.350195061102663, ""sigma_y"": 5.350195061102663, ""size"": 31, ""theta"": 1.3260726208012}",0.0108844805508852,positive
exp_032_abess,168,184,gaussian,"{""sigma_x"": 5.299124901476396, ""sigma_y"": 5.299124901476396, ""size"": 31, ""theta"": 0.23871614942624475}",0.03334314003586769,positive
exp_032_abess,169,4,gaussian,"{""sigma_x"": 5.275373099706187, ""sigma_y"": 5.275373099706187, ""size"": 31, ""theta"": 2.901726967115636}",0.032587844878435135,positive
exp_032_abess,170,105,gaussian,"{""sigma_x"": 5.267388519504751, ""sigma_y"": 5.267388519504751, ""size"": 31, ""theta"": 2.7515680725386114}",-0.04186932370066643,negative
exp_032_abess,171,78,gaussian,"{""sigma_x"": 5.262534979328067, ""sigma_y"": 5.262534979328067, ""size"": 31, ""theta"": 0.7496955307880883}",0.01771736517548561,positive
exp_032_abess,172,129,gaussian,"{""sigma_x"": 5.203252466550768, ""sigma_y"": 5.203252466550768, ""size"": 31, ""theta"": 1.3675345357655009}",-0.050698891282081604,negative
exp_032_abess,173,26,gaussian,"{""sigma_x"": 5.1633203220015735, ""sigma_y"": 5.1633203220015735, ""size"": 31, ""theta"": 2.9982545447615414}",-0.0682421550154686,negative
exp_032_abess,174,137,gaussian,"{""sigma_x"": 5.132735416206557, ""sigma_y"": 5.132735416206557, ""size"": 31, ""theta"": 2.890032649362571}",-0.018895655870437622,negative
exp_032_abess,175,314,anisotropic_gaussian,"{""sigma_x"": 3.260316050917516, ""sigma_y"": 5.707951903021426, ""size"": 31, ""theta"": 0.2802426834016346}",-0.04516845569014549,negative
exp_032_abess,176,1113,hog,"{""sigma"": 13.897971291908899, ""size"": 31, ""theta"": 2.8100377053492385}",0.10834647715091705,positive
exp_032_abess,177,1071,hog,"{""sigma"": 13.76973693921478, ""size"": 31, ""theta"": 2.8108054542091607}",0.027912678197026253,positive
exp_032_abess,178,388,anisotropic_gaussian,"{""sigma_x"": 3.271590237017266, ""sigma_y"": 8.32634195652567, ""size"": 31, ""theta"": 2.1707947620208294}",-0.008485740050673485,negative
exp_032_abess,179,155,gaussian,"{""sigma_x"": 5.065965298238703, ""sigma_y"": 5.065965298238703, ""size"": 31, ""theta"": 0.6076504069870774}",-0.026397516950964928,negative
exp_032_abess,180,1153,hog,"{""sigma"": 8.98065720581418, ""size"": 31, ""theta"": 3.1282707039103004}",0.11603348702192307,positive
exp_032_abess,181,136,gaussian,"{""sigma_x"": 5.009433447365182, ""sigma_y"": 5.009433447365182, ""size"": 31, ""theta"": 1.4011812704009496}",0.014467152766883373,positive
exp_032_abess,182,1093,hog,"{""sigma"": 12.008709510693878, ""size"": 31, ""theta"": 2.8250781780393854}",0.041701942682266235,positive
exp_032_abess,183,150,gaussian,"{""sigma_x"": 4.793527929372097, ""sigma_y"": 4.793527929372097, ""size"": 31, ""theta"": 2.4317021824919656}",0.013038246892392635,positive
exp_032_abess,184,371,anisotropic_gaussian,"{""sigma_x"": 4.739232670729306, ""sigma_y"": 4.916633944717094, ""size"": 31, ""theta"": 2.1204948849906793}",0.02355344034731388,positive
exp_032_abess,185,122,gaussian,"{""sigma_x"": 4.779612433922881, ""sigma_y"": 4.779612433922881, ""size"": 31, ""theta"": 1.3951041101302768}",-0.07374899089336395,negative
exp_032_abess,186,381,anisotropic_gaussian,"{""sigma_x"": 2.401192799734431, ""sigma_y"": 5.590759192120053, ""size"": 31, ""theta"": 2.890850460351553}",-0.049682047218084335,negative
exp_032_abess,187,139,gaussian,"{""sigma_x"": 4.77210360450988, ""sigma_y"": 4.77210360450988, ""size"": 31, ""theta"": 0.8087383669550674}",-0.06942921131849289,negative
exp_032_abess,188,348,anisotropic_gaussian,"{""sigma_x"": 2.925730380501411, ""sigma_y"": 6.5161738786628876, ""size"": 31, ""theta"": 2.3757382248860486}",-0.0025835654232650995,negative
exp_032_abess,189,154,gaussian,"{""sigma_x"": 4.749100696603518, ""sigma_y"": 4.749100696603518, ""size"": 31, ""theta"": 1.8698452133071823}",-0.00951085239648819,negative
exp_032_abess,190,273,anisotropic_gaussian,"{""sigma_x"": 2.489566852319407, ""sigma_y"": 7.26309343520173, ""size"": 31, ""theta"": 2.318419520355757}",-0.0391731858253479,negative
exp_032_abess,191,52,gaussian,"{""sigma_x"": 4.70849482625169, ""sigma_y"": 4.70849482625169, ""size"": 31, ""theta"": 1.213802114190913}",-0.00525652663782239,negative
exp_032_abess,192,284,anisotropic_gaussian,"{""sigma_x"": 1.8016550169389645, ""sigma_y"": 5.374864086595823, ""size"": 31, ""theta"": 0.2529002661927425}",-0.12855738401412964,negative
exp_032_abess,193,1035,hog,"{""sigma"": 8.533954667273267, ""size"": 31, ""theta"": 3.1024515612696266}",0.0660766065120697,positive
exp_032_abess,194,65,gaussian,"{""sigma_x"": 4.654871799716931, ""sigma_y"": 4.654871799716931, ""size"": 31, ""theta"": 1.2315334846356978}",-0.07070145756006241,negative
exp_032_abess,195,377,anisotropic_gaussian,"{""sigma_x"": 2.489634112141845, ""sigma_y"": 5.734673626034503, ""size"": 31, ""theta"": 0.5237072148506878}",-0.030234402045607567,negative
exp_032_abess,196,229,anisotropic_gaussian,"{""sigma_x"": 2.5173241429846565, ""sigma_y"": 5.230264422819362, ""size"": 31, ""theta"": 3.0041842769185716}",-0.10283118486404419,negative
exp_032_abess,197,322,anisotropic_gaussian,"{""sigma_x"": 2.3009099952503718, ""sigma_y"": 5.100338240509544, ""size"": 31, ""theta"": 0.029035812266775037}",-0.08754057437181473,negative
exp_032_abess,198,194,gaussian,"{""sigma_x"": 4.539972705223193, ""sigma_y"": 4.539972705223193, ""size"": 31, ""theta"": 1.313751189777693}",-0.08953966200351715,negative
exp_032_abess,199,208,anisotropic_gaussian,"{""sigma_x"": 4.018894251877541, ""sigma_y"": 4.563771724279816, ""size"": 31, ""theta"": 2.96891645814162}",-0.08646675944328308,negative
exp_032_abess,200,14,gaussian,"{""sigma_x"": 4.465395792203459, ""sigma_y"": 4.465395792203459, ""size"": 31, ""theta"": 0.9515052366244626}",-0.0797678753733635,negative
exp_032_abess,201,42,gaussian,"{""sigma_x"": 4.461459964410721, ""sigma_y"": 4.461459964410721, ""size"": 31, ""theta"": 2.7553807109291393}",-0.04746806249022484,negative
exp_032_abess,202,111,gaussian,"{""sigma_x"": 4.439873978526512, ""sigma_y"": 4.439873978526512, ""size"": 31, ""theta"": 2.2050153150941605}",-0.017769044265151024,negative
exp_032_abess,203,332,anisotropic_gaussian,"{""sigma_x"": 4.8606297053040874, ""sigma_y"": 3.0232541943664746, ""size"": 31, ""theta"": 1.3053303631202438}",-0.08549246937036514,negative
exp_032_abess,204,43,gaussian,"{""sigma_x"": 4.3801217629110685, ""sigma_y"": 4.3801217629110685, ""size"": 31, ""theta"": 1.5597477618195708}",-0.003798945341259241,negative
exp_032_abess,205,1068,hog,"{""sigma"": 12.667253314287002, ""size"": 31, ""theta"": 0.34698044099936304}",0.07716108858585358,positive
exp_032_abess,206,116,gaussian,"{""sigma_x"": 4.369391267740913, ""sigma_y"": 4.369391267740913, ""size"": 31, ""theta"": 2.296696679312042}",-0.058966878801584244,negative
exp_032_abess,207,1025,hog,"{""sigma"": 8.909997215548472, ""size"": 31, ""theta"": 0.19642110189312403}",0.08235877007246017,positive
exp_032_abess,208,1026,hog,"{""sigma"": 9.492605394519137, ""size"": 31, ""theta"": 2.8437242617767273}",0.08146601170301437,positive
exp_032_abess,209,1044,hog,"{""sigma"": 13.86120538496846, ""size"": 31, ""theta"": 2.712613163306932}",0.034322068095207214,positive
exp_032_abess,210,350,anisotropic_gaussian,"{""sigma_x"": 2.9568888755906695, ""sigma_y"": 4.5474683054705105, ""size"": 31, ""theta"": 3.084421910638699}",-0.04835740476846695,negative
exp_032_abess,211,23,gaussian,"{""sigma_x"": 4.193261518535959, ""sigma_y"": 4.193261518535959, ""size"": 31, ""theta"": 0.27778511804886036}",-0.09935525059700012,negative
exp_032_abess,212,316,anisotropic_gaussian,"{""sigma_x"": 4.060715845277636, ""sigma_y"": 4.464238422800816, ""size"": 31, ""theta"": 2.041697724825319}",-0.07715922594070435,negative
exp_032_abess,213,336,anisotropic_gaussian,"{""sigma_x"": 5.715816378597551, ""sigma_y"": 3.36377466683293, ""size"": 31, ""theta"": 0.5932265525760515}",-0.003916587680578232,negative
exp_032_abess,214,152,gaussian,"{""sigma_x"": 4.144267280635709, ""sigma_y"": 4.144267280635709, ""size"": 31, ""theta"": 0.5061701222125343}",-0.05979907512664795,negative
exp_032_abess,215,1177,hog,"{""sigma"": 7.870968183089534, ""size"": 31, ""theta"": 0.045408567031999726}",0.08111786097288132,positive
exp_032_abess,216,222,anisotropic_gaussian,"{""sigma_x"": 2.9105979069192163, ""sigma_y"": 6.5375997171135, ""size"": 31, ""theta"": 1.0873389640802018}",-0.026905052363872528,negative
exp_032_abess,217,1094,hog,"{""sigma"": 10.905299455225359, ""size"": 31, ""theta"": 0.34830660422687265}",0.0733887106180191,positive
exp_032_abess,218,1140,hog,"{""sigma"": 15.462547728829106, ""size"": 31, ""theta"": 2.6735016723771445}",0.07573256641626358,positive
exp_032_abess,219,1021,hog,"{""sigma"": 14.183241016962487, ""size"": 31, ""theta"": 2.6854290029079535}",0.08978717029094696,positive
exp_032_abess,220,338,anisotropic_gaussian,"{""sigma_x"": 3.7582313210345477, ""sigma_y"": 4.302366824143997, ""size"": 31, ""theta"": 2.359101091334369}",-0.10096283257007599,negative
exp_032_abess,221,1183,hog,"{""sigma"": 10.28584155813969, ""size"": 31, ""theta"": 0.3383813195202815}",0.05266006663441658,positive
exp_032_abess,222,225,anisotropic_gaussian,"{""sigma_x"": 3.7703124492813833, ""sigma_y"": 4.619893164663915, ""size"": 31, ""theta"": 1.1745356289295121}",-0.03161465376615524,negative
exp_032_abess,223,303,anisotropic_gaussian,"{""sigma_x"": 1.8816773467353052, ""sigma_y"": 5.58465468628397, ""size"": 31, ""theta"": 0.8879068719681701}",-0.06893961131572723,negative
exp_032_abess,224,351,anisotropic_gaussian,"{""sigma_x"": 3.3796137164783855, ""sigma_y"": 4.639121234002154, ""size"": 31, ""theta"": 2.3133642968327615}",-0.017438920214772224,negative
exp_032_abess,225,0,gaussian,"{""sigma_x"": 3.9375449097489814, ""sigma_y"": 3.9375449097489814, ""size"": 31, ""theta"": 0.5787100196269547}",-0.09000435471534729,negative
exp_032_abess,226,83,gaussian,"{""sigma_x"": 3.93852046274981, ""sigma_y"": 3.93852046274981, ""size"": 31, ""theta"": 2.4453839928792567}",-0.05861187353730202,negative
exp_032_abess,227,157,gaussian,"{""sigma_x"": 3.924233547249035, ""sigma_y"": 3.924233547249035, ""size"": 31, ""theta"": 1.2728520608623075}",-0.058562587946653366,negative
exp_032_abess,228,60,gaussian,"{""sigma_x"": 3.906489061953922, ""sigma_y"": 3.906489061953922, ""size"": 31, ""theta"": 1.3482290567186446}",-0.07900489121675491,negative
exp_032_abess,229,340,anisotropic_gaussian,"{""sigma_x"": 3.6830785804008626, ""sigma_y"": 4.318479384995523, ""size"": 31, ""theta"": 2.0081609657367867}",-0.022830717265605927,negative
exp_032_abess,230,233,anisotropic_gaussian,"{""sigma_x"": 2.3531826978693147, ""sigma_y"": 4.896096636447947, ""size"": 31, ""theta"": 2.4522231190306383}",-0.1354312002658844,negative
exp_032_abess,231,281,anisotropic_gaussian,"{""sigma_x"": 3.178407881774429, ""sigma_y"": 6.545198312958679, ""size"": 31, ""theta"": 1.8310847679083626}",-0.0016860273899510503,negative
exp_032_abess,232,275,anisotropic_gaussian,"{""sigma_x"": 1.8374013620717613, ""sigma_y"": 4.149279152837509, ""size"": 31, ""theta"": 0.41406461155486246}",-0.11472641676664352,negative
exp_032_abess,233,239,anisotropic_gaussian,"{""sigma_x"": 1.8784403374306908, ""sigma_y"": 4.948101722647271, ""size"": 31, ""theta"": 0.8402165474268383}",-0.05927637964487076,negative
exp_032_abess,234,1180,hog,"{""sigma"": 15.309623322509562, ""size"": 31, ""theta"": 2.6286849751077965}",0.08491186797618866,positive
exp_032_abess,235,1028,hog,"{""sigma"": 7.775970022922707, ""size"": 31, ""theta"": 0.1759369093826985}",0.07904364168643951,positive
exp_032_abess,236,247,anisotropic_gaussian,"{""sigma_x"": 1.5231707401823835, ""sigma_y"": 4.429273546271637, ""size"": 31, ""theta"": 2.360249462296011}",-0.07724421471357346,negative
exp_032_abess,237,395,anisotropic_gaussian,"{""sigma_x"": 2.900023927619329, ""sigma_y"": 8.213319218531117, ""size"": 31, ""theta"": 1.4558989200722625}",-0.04698741063475609,negative
exp_032_abess,238,143,gaussian,"{""sigma_x"": 3.5937871464577413, ""sigma_y"": 3.5937871464577413, ""size"": 31, ""theta"": 1.368924155384986}",-0.08254391700029373,negative
exp_032_abess,239,383,anisotropic_gaussian,"{""sigma_x"": 1.4679092631332633, ""sigma_y"": 4.024687080242752, ""size"": 31, ""theta"": 2.2851277667581864}",-0.0991797149181366,negative
exp_032_abess,240,391,anisotropic_gaussian,"{""sigma_x"": 1.611328454850066, ""sigma_y"": 3.823900916774787, ""size"": 31, ""theta"": 2.42405861697028}",-0.15630659461021423,negative
exp_032_abess,241,37,gaussian,"{""sigma_x"": 3.50861439997719, ""sigma_y"": 3.50861439997719, ""size"": 31, ""theta"": 1.2500800639099077}",-0.04783441498875618,negative
exp_032_abess,242,1182,hog,"{""sigma"": 12.038298978657012, ""size"": 31, ""theta"": 2.6183657109172325}",0.010833894833922386,positive
exp_032_abess,243,1090,hog,"{""sigma"": 12.071645593683296, ""size"": 31, ""theta"": 2.609613927208868}",0.04298235476016998,positive
exp_032_abess,244,54,gaussian,"{""sigma_x"": 3.398330137785522, ""sigma_y"": 3.398330137785522, ""size"": 31, ""theta"": 0.367422419642612}",-0.07904566824436188,negative
exp_032_abess,245,298,anisotropic_gaussian,"{""sigma_x"": 1.8057234775467381, ""sigma_y"": 3.118097448064555, ""size"": 31, ""theta"": 0.13465678461569397}",-0.16454435884952545,negative
exp_032_abess,246,399,anisotropic_gaussian,"{""sigma_x"": 1.4452805912309612, ""sigma_y"": 3.0690707619847033, ""size"": 31, ""theta"": 3.0346371978340123}",-0.17454615235328674,negative
exp_032_abess,247,295,anisotropic_gaussian,"{""sigma_x"": 3.6020663726605675, ""sigma_y"": 2.8320998211241615, ""size"": 31, ""theta"": 0.8720125108367375}",-0.061620064079761505,negative
exp_032_abess,248,200,anisotropic_gaussian,"{""sigma_x"": 1.2138247434928797, ""sigma_y"": 3.1504896512175633, ""size"": 31, ""theta"": 2.3945925623156934}",-0.10091695189476013,negative
exp_032_abess,249,76,gaussian,"{""sigma_x"": 3.2845536883852593, ""sigma_y"": 3.2845536883852593, ""size"": 31, ""theta"": 1.754589616098832}",-0.05124808847904205,negative
exp_032_abess,250,21,gaussian,"{""sigma_x"": 3.2463436002752686, ""sigma_y"": 3.2463436002752686, ""size"": 31, ""theta"": 0.022792786872425384}",-0.05861479789018631,negative
exp_032_abess,251,355,anisotropic_gaussian,"{""sigma_x"": 2.6584364558826157, ""sigma_y"": 1.7665623453200288, ""size"": 31, ""theta"": 0.9500542399109576}",-0.18708272278308868,negative
exp_032_abess,252,79,gaussian,"{""sigma_x"": 3.232670354943208, ""sigma_y"": 3.232670354943208, ""size"": 31, ""theta"": 0.3852747933574472}",-0.15516316890716553,negative
exp_032_abess,253,1043,hog,"{""sigma"": 13.180182910850839, ""size"": 31, ""theta"": 0.4984621455550046}",0.09258978068828583,positive
exp_032_abess,254,271,anisotropic_gaussian,"{""sigma_x"": 1.204041845515981, ""sigma_y"": 3.1535685350983544, ""size"": 31, ""theta"": 2.7946712879195643}",-0.1480860859155655,negative
exp_032_abess,255,84,gaussian,"{""sigma_x"": 3.1741423408341243, ""sigma_y"": 3.1741423408341243, ""size"": 31, ""theta"": 0.25010018086694635}",-0.10656315088272095,negative
exp_032_abess,256,331,anisotropic_gaussian,"{""sigma_x"": 1.773644336863424, ""sigma_y"": 2.736322443673644, ""size"": 31, ""theta"": 0.24434201364238833}",-0.1042756512761116,negative
exp_032_abess,257,398,anisotropic_gaussian,"{""sigma_x"": 1.2396214078991634, ""sigma_y"": 2.9484829611815417, ""size"": 31, ""theta"": 2.8006759617522}",-0.18888041377067566,negative
exp_032_abess,258,246,anisotropic_gaussian,"{""sigma_x"": 1.3234960723147449, ""sigma_y"": 3.4968119675325973, ""size"": 31, ""theta"": 0.661200237970061}",-0.1365646868944168,negative
exp_032_abess,259,334,anisotropic_gaussian,"{""sigma_x"": 2.2495323748051397, ""sigma_y"": 6.335150480939203, ""size"": 31, ""theta"": 1.2307713235958586}",-0.10324259102344513,negative
exp_032_abess,260,245,anisotropic_gaussian,"{""sigma_x"": 2.3272707848635346, ""sigma_y"": 3.084109928014249, ""size"": 31, ""theta"": 2.3191326153003713}",-0.09982137382030487,negative
exp_032_abess,261,227,anisotropic_gaussian,"{""sigma_x"": 1.0685432968204782, ""sigma_y"": 3.148847103026515, ""size"": 31, ""theta"": 0.3211687930090848}",-0.11648321151733398,negative
exp_032_abess,262,140,gaussian,"{""sigma_x"": 3.0317514363812488, ""sigma_y"": 3.0317514363812488, ""size"": 31, ""theta"": 1.141139415988639}",-0.11199812591075897,negative
exp_032_abess,263,372,anisotropic_gaussian,"{""sigma_x"": 2.8904438221434714, ""sigma_y"": 2.970626923489233, ""size"": 31, ""theta"": 2.3032693348225433}",-0.08862007409334183,negative
exp_032_abess,264,1163,hog,"{""sigma"": 15.292810292406958, ""size"": 31, ""theta"": 2.535301577511572}",0.011327112093567848,positive
exp_032_abess,265,171,gaussian,"{""sigma_x"": 2.8976812427053824, ""sigma_y"": 2.8976812427053824, ""size"": 31, ""theta"": 1.9221220245969934}",-0.13928362727165222,negative
exp_032_abess,266,124,gaussian,"{""sigma_x"": 2.9322621599168244, ""sigma_y"": 2.9322621599168244, ""size"": 31, ""theta"": 0.32804715424916864}",-0.1359480619430542,negative
exp_032_abess,267,165,gaussian,"{""sigma_x"": 2.8342597571898662, ""sigma_y"": 2.8342597571898662, ""size"": 31, ""theta"": 1.8283163631596393}",-0.06434119492769241,negative
exp_032_abess,268,168,gaussian,"{""sigma_x"": 2.9041524277757933, ""sigma_y"": 2.9041524277757933, ""size"": 31, ""theta"": 1.2254690630394711}",-0.08949434012174606,negative
exp_032_abess,269,172,gaussian,"{""sigma_x"": 2.3554151895559876, ""sigma_y"": 2.3554151895559876, ""size"": 31, ""theta"": 2.8530509848131183}",-0.08988747745752335,negative
exp_032_abess,270,345,anisotropic_gaussian,"{""sigma_x"": 2.644375361590452, ""sigma_y"": 2.273547518353497, ""size"": 31, ""theta"": 0.7975701826821002}",-0.13008108735084534,negative
exp_032_abess,271,107,gaussian,"{""sigma_x"": 2.8844265199738173, ""sigma_y"": 2.8844265199738173, ""size"": 31, ""theta"": 2.019757958922782}",-0.1555231511592865,negative
exp_032_abess,272,101,gaussian,"{""sigma_x"": 2.7444045478475214, ""sigma_y"": 2.7444045478475214, ""size"": 31, ""theta"": 2.4537255893029215}",-0.16052986681461334,negative
exp_032_abess,273,90,gaussian,"{""sigma_x"": 2.77279682373, ""sigma_y"": 2.77279682373, ""size"": 31, ""theta"": 0.28247935090794446}",-0.0988534614443779,negative
exp_032_abess,274,51,gaussian,"{""sigma_x"": 2.6739686866377506, ""sigma_y"": 2.6739686866377506, ""size"": 31, ""theta"": 0.6874850215364943}",-0.17969182133674622,negative
exp_032_abess,275,46,gaussian,"{""sigma_x"": 2.645047875294188, ""sigma_y"": 2.645047875294188, ""size"": 31, ""theta"": 1.0173153689377394}",-0.12479227036237717,negative
exp_032_abess,276,86,gaussian,"{""sigma_x"": 2.463775331329341, ""sigma_y"": 2.463775331329341, ""size"": 31, ""theta"": 0.6940131688560296}",-0.12849469482898712,negative
exp_032_abess,277,85,gaussian,"{""sigma_x"": 2.434477598021084, ""sigma_y"": 2.434477598021084, ""size"": 31, ""theta"": 1.5498218529871333}",-0.10974324494600296,negative
exp_032_abess,278,104,gaussian,"{""sigma_x"": 2.406435358529085, ""sigma_y"": 2.406435358529085, ""size"": 31, ""theta"": 2.5079423505265863}",-0.15385480225086212,negative
exp_032_abess,279,153,gaussian,"{""sigma_x"": 2.6338040258491673, ""sigma_y"": 2.6338040258491673, ""size"": 31, ""theta"": 2.2813919515149412}",-0.17939631640911102,negative
exp_032_abess,280,191,gaussian,"{""sigma_x"": 2.6257202163014757, ""sigma_y"": 2.6257202163014757, ""size"": 31, ""theta"": 2.6399813718762}",-0.0747939869761467,negative
exp_032_abess,281,164,gaussian,"{""sigma_x"": 2.567663749356678, ""sigma_y"": 2.567663749356678, ""size"": 31, ""theta"": 0.425122231494676}",-0.1564304083585739,negative
exp_032_abess,282,156,gaussian,"{""sigma_x"": 2.1857461106738056, ""sigma_y"": 2.1857461106738056, ""size"": 31, ""theta"": 2.603168674787615}",-0.1019703596830368,negative
exp_032_abess,283,151,gaussian,"{""sigma_x"": 2.6076997233902777, ""sigma_y"": 2.6076997233902777, ""size"": 31, ""theta"": 2.1913743332177473}",-0.11516772955656052,negative
exp_032_abess,284,196,gaussian,"{""sigma_x"": 2.1416885059489235, ""sigma_y"": 2.1416885059489235, ""size"": 31, ""theta"": 0.2735515829471473}",-0.1872219294309616,negative
exp_032_abess,285,94,gaussian,"{""sigma_x"": 2.1719349339725142, ""sigma_y"": 2.1719349339725142, ""size"": 31, ""theta"": 2.6898656417086615}",-0.17241021990776062,negative
exp_032_abess,286,375,anisotropic_gaussian,"{""sigma_x"": 1.5743104067981086, ""sigma_y"": 4.157767681618166, ""size"": 31, ""theta"": 2.018692667583345}",-0.10793689638376236,negative
exp_032_abess,287,162,gaussian,"{""sigma_x"": 2.098052087501733, ""sigma_y"": 2.098052087501733, ""size"": 31, ""theta"": 1.138187445839588}",-0.18925680220127106,negative
exp_032_abess,288,119,gaussian,"{""sigma_x"": 2.0385140345478168, ""sigma_y"": 2.0385140345478168, ""size"": 31, ""theta"": 2.934775761285933}",-0.21674492955207825,negative
exp_032_abess,289,1169,hog,"{""sigma"": 10.619875779100877, ""size"": 31, ""theta"": 2.5684038640208207}",0.024280041456222534,positive
exp_032_abess,290,1034,hog,"{""sigma"": 12.111558877120492, ""size"": 31, ""theta"": 0.5179007638507204}",0.06841782480478287,positive
exp_032_abess,291,87,gaussian,"{""sigma_x"": 2.0106604017804455, ""sigma_y"": 2.0106604017804455, ""size"": 31, ""theta"": 0.1795758287720135}",-0.15137119591236115,negative
exp_032_abess,292,1195,hog,"{""sigma"": 12.897373625646168, ""size"": 31, ""theta"": 2.530698096606596}",0.06100178882479668,positive
exp_032_abess,293,386,anisotropic_gaussian,"{""sigma_x"": 1.6726768202434494, ""sigma_y"": 2.4157118278433094, ""size"": 31, ""theta"": 0.362930003736555}",-0.12847721576690674,negative
exp_032_abess,294,1189,hog,"{""sigma"": 9.351075001928733, ""size"": 31, ""theta"": 2.592343512251571}",0.07674931734800339,positive
exp_032_abess,295,1168,hog,"{""sigma"": 11.862626178683932, ""size"": 31, ""theta"": 2.5296765105826795}",0.09868141263723373,positive
exp_032_abess,296,231,anisotropic_gaussian,"{""sigma_x"": 1.4490459076340203, ""sigma_y"": 3.208254945575739, ""size"": 31, ""theta"": 0.990618816178263}",-0.14311157166957855,negative
exp_032_abess,297,1103,hog,"{""sigma"": 11.497127851538057, ""size"": 31, ""theta"": 0.5335890981292511}",0.04270857200026512,positive
exp_032_abess,298,8,gaussian,"{""sigma_x"": 1.8734980703652193, ""sigma_y"": 1.8734980703652193, ""size"": 31, ""theta"": 0.14497533498256754}",-0.14970701932907104,negative
exp_032_abess,299,1061,hog,"{""sigma"": 9.610791135778815, ""size"": 31, ""theta"": 2.5645775614435022}",0.028178546577692032,positive
exp_032_abess,300,321,anisotropic_gaussian,"{""sigma_x"": 2.6525276434502603, ""sigma_y"": 1.5003265253461617, ""size"": 31, ""theta"": 2.6157889714875577}",-0.1768217831850052,negative
